CustomerID,Recency,Frequency,MonetaryValue
12346,119,2,490
12347,11,182,44190
12348,22,31,7790
12349,2,73,17920
12350,2,17,3850
12352,4,95,23230
12353,85,4,1100
12354,16,58,14160
12355,11,13,3120
12356,2,59,14070
12357,7,131,31590
12358,33,19,4740
12359,1,254,61900
12360,5,129,30410
12361,3,10,2240
12362,1,274,65270
12363,7,23,5620
12364,1,85,20150
12365,36,23,5500
12367,18,11,2350
12370,3,167,40920
12371,1,63,14850
12372,7,52,12780
12373,1,14,3320
12374,4,33,7910
12375,30,18,4110
12377,9,77,18610
12378,1,219,53390
12379,7,41,9620
12380,1,105,25190
12381,1,91,21110
12383,1,100,24830
12384,46,30,7570
12386,24,10,2350
12388,2,100,24060
12390,11,32,7850
12391,2,100,24530
12393,7,64,15340
12394,21,27,6670
12395,1,159,37890
12397,3,126,29410
12398,11,85,20800
12399,8,59,14770
12401,57,5,1330
12402,8,11,2800
12403,65,6,1390
12405,13,54,13450
12406,4,108,25340
12407,1,77,18050
12408,1,113,26770
12409,1,114,27500
12410,2,28,6860
12412,1,61,14640
12413,1,40,9380
12414,56,18,4070
12415,1,778,186750
12417,1,198,47360
12418,2,34,7900
12420,6,29,6760
12421,9,46,10600
12422,29,39,9170
12423,1,126,30460
12424,4,30,7520
12425,3,36,8770
12426,5,30,6970
12427,12,35,8130
12428,1,300,71450
12429,2,97,23050
12430,5,11,2550
12431,2,240,57700
12432,1,108,27010
12433,1,420,101360
12434,3,54,13180
12435,1,36,8960
12436,7,16,3970
12437,2,201,48210
12438,1,98,23270
12441,28,11,2680
12442,14,12,2750
12444,1,177,42720
12445,168,4,1120
12446,1,58,13920
12447,17,26,6150
12448,5,22,5360
12449,2,191,44900
12450,66,8,2030
12451,1,355,85860
12452,10,23,5570
12453,21,43,10130
12454,1,30,6720
12455,1,90,22080
12456,1,129,31080
12457,2,68,16170
12458,1,38,9230
12461,5,35,8100
12462,1,72,17230
12463,5,88,21370
12464,17,29,6550
12465,1,51,12660
12468,9,40,9680
12471,1,531,127590
12472,1,391,92290
12473,1,179,42520
12474,1,457,108510
12475,12,36,8520
12476,1,264,64400
12477,1,308,73070
12478,4,36,8560
12479,33,35,8650
12480,1,154,35370
12481,5,218,51140
12483,3,81,18660
12484,1,350,84890
12488,12,55,13320
12489,55,15,3850
12490,11,245,59800
12491,4,26,5950
12492,9,20,4980
12493,74,23,5580
12494,1,84,20040
12497,16,14,3110
12498,15,23,5500
12500,1,65,16700
12501,3,160,38910
12502,1,147,34960
12503,98,1,230
12504,22,15,3420
12505,208,1,300
12506,12,23,5440
12507,3,23,5120
12508,12,69,16200
12509,79,7,1790
12510,18,33,7770
12512,6,34,8160
12513,12,36,8970
12514,1,51,12280
12515,33,16,3770
12516,12,26,6030
12517,1,286,68900
12518,5,124,29690
12519,17,18,4420
12520,2,155,36710
12521,4,38,9200
12522,5,12,2820
12523,1,110,26410
12524,1,144,34430
12526,1,71,17080
12527,6,18,4280
12528,10,95,23400
12530,4,68,16780
12531,1,17,4020
12532,18,16,3470
12534,1,63,15330
12535,9,34,8270
12536,2,273,65920
12538,1,21,4790
12539,1,274,65330
12540,1,481,114250
12541,1,52,12020
12544,41,20,4870
12545,1,50,11230
12546,6,70,16130
12547,17,8,1520
12548,89,5,1360
12550,6,57,13670
12551,63,10,2470
12552,3,20,4720
12553,5,196,47580
12556,2,121,29340
12557,34,33,8170
12558,1,22,5610
12559,1,22,5250
12560,4,111,26570
12561,5,16,3680
12562,1,168,39840
12564,7,21,4880
12565,3,10,2610
12566,53,20,4940
12567,1,463,112340
12569,6,191,46360
12571,16,34,8440
12572,1,62,14960
12573,3,28,6550
12574,59,11,2730
12576,1,89,22380
12577,8,148,34290
12578,1,120,29690
12579,2,31,7300
12580,12,24,5820
12581,3,15,3430
12582,22,22,5370
12583,1,251,59860
12584,1,126,29670
12585,1,97,22770
12586,20,12,2960
12587,11,4,800
12588,57,10,2370
12589,1,35,8970
12590,1,70,16490
12591,1,26,6560
12592,10,18,3900
12593,67,21,5080
12594,2,119,28960
12596,13,27,6620
12597,1,214,51440
12598,4,133,32010
12599,7,62,15380
12600,1,65,15540
12601,5,29,7160
12602,1,12,2520
12603,27,3,810
12604,24,16,3640
12605,204,3,650
12607,1,202,48590
12609,26,60,14140
12610,1,111,26430
12611,2,65,15410
12612,16,21,5090
12613,2,163,39940
12614,15,20,5260
12615,1,105,25150
12616,8,36,8500
12617,21,42,9840
12618,16,11,2540
12619,7,95,22000
12620,2,92,21870
12621,1,474,114270
12622,4,11,2670
12623,8,18,4570
12624,14,38,9230
12625,1,91,21830
12626,1,307,72890
12627,2,230,55740
12628,2,43,10570
12630,5,64,15840
12631,8,31,7760
12633,3,103,25700
12635,1,101,25460
12637,1,394,94340
12638,1,39,9250
12639,7,22,5600
12640,2,53,12920
12641,18,10,2260
12642,4,47,11350
12643,47,24,5760
12644,10,31,7200
12645,1,74,18140
12646,7,45,10840
12647,2,128,30140
12648,31,21,4990
12649,6,33,8070
12650,16,20,4500
12651,50,9,2400
12652,19,51,12240
12653,7,43,10120
12654,1,38,9300
12656,1,130,31530
12657,5,56,13420
12658,12,36,8920
12659,10,5,970
12660,57,13,3240
12662,1,232,54300
12664,1,38,9460
12665,18,4,930
12666,181,2,570
12667,12,33,8000
12668,1,168,40380
12669,14,102,24280
12670,2,94,22640
12672,39,10,2220
12673,9,42,9920
12674,2,91,22910
12676,1,45,10410
12678,6,167,39240
12679,3,56,13880
12680,10,52,12760
12681,1,646,155240
12682,1,525,125440
12683,1,362,86540
12684,5,105,24910
12685,1,157,37480
12686,53,7,1660
12688,1,171,41200
12689,9,72,17370
12690,6,16,3930
12691,9,32,7530
12693,9,41,9730
12694,18,37,9260
12695,14,27,6570
12697,27,43,10780
12700,2,270,64640
12701,9,53,12790
12702,57,12,3090
12703,10,22,5040
12704,1,90,21040
12705,2,348,83750
12707,2,33,7500
12708,1,174,42250
12709,1,257,62070
12710,1,79,18660
12712,5,142,33510
12713,24,38,8800
12714,1,259,63100
12715,15,21,4860
12716,21,69,16810
12717,3,56,13310
12718,9,19,4950
12719,1,42,10380
12720,1,359,86020
12721,1,164,39860
12722,4,57,14060
12723,1,69,16310
12724,1,53,12790
12725,6,24,5800
12726,1,124,30320
12727,4,141,33320
12728,12,46,11100
12729,24,26,6340
12731,2,277,65510
12732,52,12,3000
12733,1,22,5330
12734,49,4,1000
12735,4,43,10430
12736,18,4,980
12738,2,11,2450
12739,2,38,9250
12740,24,27,6660
12743,1,134,31140
12744,2,229,55690
12747,1,103,24290
12748,1,4642,1113710
12749,1,231,56120
12750,16,15,3220
12752,11,53,12480
12753,1,230,56120
12754,10,65,15100
12755,113,6,1610
12756,44,4,970
12757,1,377,90560
12758,4,97,22700
12759,3,95,22330
12762,8,69,16620
12763,12,18,4280
12764,2,45,10350
12766,1,310,73180
12769,1,32,7300
12770,21,12,2870
12772,8,55,13410
12775,13,67,16040
12778,8,51,12800
12779,3,159,38460
12781,18,30,7230
12782,1,107,25890
12783,1,86,21090
12784,3,59,13670
12785,8,15,3830
12787,6,20,4910
12789,11,4,840
12790,7,21,5100
12791,117,2,420
12792,1,25,6570
12793,35,24,5920
12794,9,45,11080
12795,73,14,3510
12797,8,17,4240
12798,68,8,2140
12802,43,26,5810
12808,17,28,6800
12809,14,26,5850
12811,11,31,7220
12812,26,15,3410
12814,293,2,410
12815,1,47,11010
12816,21,29,6490
12817,216,4,1120
12818,4,16,3860
12820,2,59,14520
12821,21,6,1240
12822,2,47,11310
12823,38,5,1070
12824,8,25,6230
12826,4,94,21980
12827,6,25,5550
12828,3,56,13720
12829,21,12,2930
12830,1,39,9000
12831,29,9,2120
12832,9,27,6800
12833,6,24,6050
12834,17,18,4350
12836,4,175,42970
12837,3,12,2850
12838,1,123,28490
12839,2,316,76590
12840,3,116,26940
12841,1,439,106400
12842,5,34,7860
12843,10,108,26780
12844,4,52,12720
12845,5,27,5980
12847,4,91,21160
12849,8,51,12660
12851,6,50,11890
12852,3,20,4520
12853,1,84,19980
12854,4,115,27480
12855,177,3,700
12856,2,317,74440
12857,1,46,10920
12863,1,6,1510
12864,81,3,740
12865,13,96,22450
12866,9,26,6300
12867,1,551,133250
12868,1,107,26110
12870,278,2,600
12871,1,11,2310
12872,10,66,15790
12873,63,4,900
12875,168,2,550
12876,1,85,20730
12877,1,154,36270
12878,1,49,12050
12879,12,12,2830
12881,70,7,1690
12882,60,13,3040
12883,6,42,9620
12884,123,7,1600
12885,2,72,17930
12886,1,86,20210
12888,18,7,1610
12890,5,82,20490
12891,92,3,780
12893,11,34,8170
12895,7,24,5630
12897,34,4,840
12901,1,125,28860
12902,32,10,2270
12904,2,72,17220
12906,4,63,15370
12908,1,4,720
12909,10,96,23350
12910,4,75,17870
12912,2,24,5870
12913,4,50,12470
12915,2,22,5270
12916,1,109,25760
12917,162,2,520
12919,2,52,12970
12920,4,28,6450
12921,1,741,178680
12922,4,28,6720
12923,4,29,6480
12924,30,31,7200
12925,1,45,10830
12928,7,84,19610
12929,82,9,2280
12930,3,27,6190
12931,3,102,24400
12933,5,107,25000
12935,4,130,29690
12936,8,63,15260
12937,1,120,28560
12938,30,9,2270
12939,2,47,11090
12940,8,103,24930
12942,4,75,17840
12943,222,1,270
12944,19,30,7090
12945,1,23,5150
12947,1,103,24610
12948,1,118,27940
12949,1,219,52200
12950,1,23,5410
12951,1,65,14860
12952,1,80,20120
12953,13,17,3760
12955,3,183,43660
12956,6,19,4420
12957,1,244,58540
12962,2,16,3570
12963,1,96,23560
12965,1,109,25790
12966,73,10,2310
12967,1,33,7630
12968,31,5,1210
12970,4,151,35560
12971,1,308,72690
12974,50,8,1720
12976,20,22,5490
12977,36,9,2000
12980,29,24,5820
12981,19,20,4490
12982,5,34,8110
12984,9,4,740
12985,2,78,18090
12987,8,30,7020
12988,4,92,21810
12989,1,68,15920
12990,33,13,3040
12991,4,31,7910
12993,21,27,5880
12994,4,73,17240
12995,12,5,1130
12997,14,67,16710
12999,4,28,6760
13000,10,31,7410
13001,1,342,82270
13002,41,7,1760
13003,39,6,1520
13004,1,409,98710
13005,30,29,6840
13006,41,4,1000
13008,1,15,3930
13011,84,3,830
13012,1,107,25410
13013,1,222,53040
13014,1,124,29220
13015,2,176,41270
13016,7,47,10930
13017,134,1,270
13018,1,459,107090
13021,1,134,32400
13023,14,40,9930
13026,6,43,10180
13027,3,26,6010
13028,4,47,11450
13029,38,10,2550
13030,1,99,24280
13032,2,75,17690
13033,3,11,2640
13034,1,37,8520
13035,25,30,7260
13037,17,48,11830
13038,14,28,6610
13040,33,43,10670
13043,4,14,3100
13044,5,33,7980
13045,12,18,4420
13046,11,35,7710
13047,3,196,46840
13048,1,137,33210
13049,16,14,3510
13050,1,422,101070
13052,5,18,4110
13055,9,78,17650
13058,10,8,1910
13059,24,8,2070
13060,58,15,3660
13061,35,10,2430
13062,3,11,2680
13064,1,69,16550
13065,37,14,3520
13066,8,49,12270
13067,16,15,3560
13068,26,2,480
13069,2,470,112570
13070,1,9,2160
13072,9,7,1640
13075,1,22,5110
13077,3,112,27100
13078,1,380,93230
13079,39,6,1320
13080,87,6,1400
13081,1,1061,251750
13082,1,75,17370
13083,16,18,4350
13085,1,29,6790
13089,1,1857,442150
13090,1,161,38220
13091,1,24,5410
13092,19,26,6210
13093,1,170,40800
13094,8,30,6920
13095,8,6,1580
13097,1,437,105480
13098,1,605,143170
13099,51,1,270
13101,35,8,1780
13102,2,310,73320
13103,12,8,1910
13104,12,20,5240
13106,267,2,420
13107,4,60,14740
13108,9,10,2180
13109,19,50,12250
13110,1,146,35630
13113,1,280,67760
13115,9,132,31940
13116,8,31,7350
13117,8,76,17460
13118,2,82,19520
13120,72,1,250
13121,2,53,12980
13122,6,55,13110
13124,6,235,57260
13126,1,142,33790
13127,57,15,3870
13130,64,2,440
13131,3,46,10990
13132,75,3,620
13133,51,7,1700
13134,1,105,25670
13135,258,1,310
13136,2,139,33260
13137,1,705,168570
13138,12,63,14790
13139,1,174,41770
13140,8,46,10970
13141,9,136,31950
13142,1,23,5750
13144,44,3,770
13145,18,7,1670
13146,13,17,4090
13147,107,4,950
13148,1,347,83060
13149,1,86,21150
13151,7,75,17550
13153,27,15,3650
13154,121,1,270
13155,1,85,20540
13157,5,89,21290
13158,5,79,19520
13159,1,122,28750
13160,127,4,1180
13161,1,8,1870
13162,1,82,19820
13165,7,42,9870
13166,1,42,10300
13167,3,65,15810
13168,3,133,32140
13169,48,13,3200
13170,19,32,7570
13171,8,48,11130
13173,4,43,10180
13174,1,314,74610
13176,12,72,17640
13177,18,17,3790
13178,1,265,64350
13182,5,11,2540
13183,5,94,22000
13184,2,183,42370
13185,171,1,210
13186,1,84,19640
13187,1,37,8640
13188,48,2,450
13189,3,29,7450
13192,2,63,14950
13193,10,29,6820
13194,106,3,750
13196,3,110,26370
13198,1,229,52830
13199,2,120,28580
13200,1,46,11550
13203,2,57,13840
13207,13,8,1830
13208,1,150,36250
13209,1,329,79080
13210,2,22,5080
13211,1,56,13890
13212,4,143,35140
13213,5,92,22420
13216,28,5,1260
13217,58,7,1780
13218,38,5,1160
13220,42,21,5180
13221,14,66,15510
13223,136,5,1150
13224,3,109,26430
13225,13,34,8330
13226,25,16,3980
13227,46,9,2130
13228,92,2,500
13229,9,10,2340
13230,1,612,146930
13232,3,207,49230
13233,12,43,10250
13235,1,59,13370
13236,4,39,9650
13238,21,32,7650
13239,12,22,5200
13240,1,67,15910
13242,44,13,3100
13243,5,58,13930
13244,21,27,6450
13245,3,16,4030
13246,3,143,34440
13247,18,25,5810
13248,22,26,6330
13249,13,23,5900
13253,9,36,8940
13255,31,14,3660
13256,294,1,240
13258,10,38,9070
13259,1,87,20850
13260,40,8,2050
13261,19,9,2160
13262,39,11,2500
13263,1,1677,405310
13265,2,91,21800
13266,1,202,47360
13267,1,224,54100
13268,1,447,106010
13269,3,320,76670
13270,88,1,330
13271,8,101,23750
13272,28,15,3930
13273,38,16,4200
13276,3,30,7230
13277,8,8,2010
13278,1,46,11590
13279,7,11,2720
13280,4,85,20100
13282,1,40,9140
13283,46,7,1790
13284,8,14,3500
13285,1,187,44590
13291,14,42,10400
13292,1,31,7370
13294,15,54,13240
13295,85,11,2680
13296,100,5,1410
13297,1,59,14100
13298,87,2,520
13299,46,5,1190
13300,13,22,5380
13301,2,81,19430
13302,158,1,190
13304,3,21,5170
13305,1,81,20190
13307,136,1,270
13308,11,57,14260
13309,3,107,25430
13310,1,77,18920
13311,2,26,5920
13313,8,78,19360
13314,3,75,18390
13316,18,88,21300
13317,1,135,32780
13318,7,20,4760
13319,1,500,119530
13320,2,110,25940
13321,32,11,2710
13322,17,25,6060
13323,12,21,4860
13324,1,77,18240
13325,7,12,2820
13327,3,109,27020
13328,3,17,4060
13329,10,19,4480
13330,2,53,12530
13332,2,21,5130
13334,1,268,62930
13336,12,51,12120
13338,1,24,5670
13339,17,54,12820
13340,1,134,32680
13341,1,42,9720
13343,15,22,5080
13344,1,119,27830
13345,20,22,5740
13347,142,8,1880
13348,7,14,3060
13349,9,16,3600
13350,8,43,9330
13351,11,16,3910
13352,1,27,6600
13354,14,51,12180
13355,15,32,7800
13356,11,42,10280
13357,1,90,21760
13358,9,29,7000
13359,2,24,5770
13362,1,169,39800
13363,1,60,14310
13364,13,20,5210
13365,7,132,32300
13366,199,1,230
13368,1,29,6810
13369,1,19,4530
13370,16,44,10750
13372,39,23,5590
13373,1,158,38450
13375,1,38,9150
13376,10,53,12690
13379,1,97,23500
13381,1,173,42480
13382,62,15,3640
13384,3,155,37800
13385,5,35,8650
13388,13,36,9220
13389,1,51,11960
13390,52,13,3030
13391,63,1,200
13394,1,164,40210
13395,1,21,5260
13396,1,47,11000
13397,10,39,9480
13398,6,26,6350
13402,1,39,9660
13403,255,3,900
13404,28,11,2820
13405,10,27,6730
13408,1,501,120050
13410,1,30,7040
13411,1,18,4330
13414,16,24,6020
13416,16,19,4870
13417,2,28,6920
13418,1,314,76380
13419,22,16,3840
13420,40,10,2560
13421,1,105,25730
13422,3,128,30080
13425,7,78,18710
13426,3,159,38110
13427,1,29,6860
13428,3,74,17980
13429,9,67,15920
13430,1,54,12320
13431,15,46,10780
13434,48,10,2740
13435,13,103,24740
13436,6,12,2670
13437,1,167,39970
13439,5,54,13180
13441,17,13,3380
13447,3,62,14780
13448,6,199,47600
13449,23,19,4600
13450,9,71,17070
13451,1,444,107510
13452,75,2,470
13453,24,17,4040
13455,4,53,13150
13456,1,65,15530
13458,5,394,94320
13460,7,17,4090
13461,5,27,6640
13462,63,10,2380
13464,5,41,9350
13466,25,18,4520
13467,1,99,22700
13468,3,306,73600
13470,29,10,2220
13471,1,260,61680
13473,2,22,5330
13474,1,64,15500
13475,1,86,20210
13476,4,61,14910
13477,4,81,19050
13479,17,16,3420
13481,5,112,27120
13482,58,11,2900
13483,66,10,2170
13484,11,8,2050
13485,9,23,5400
13486,5,69,16680
13487,12,34,7770
13488,1,427,102660
13489,18,14,3370
13491,4,86,21080
13492,25,50,12530
13493,146,8,2040
13494,17,18,4580
13495,1,52,12290
13496,7,36,8680
13497,11,20,5050
13499,6,45,10680
13500,2,67,15670
13501,1,53,12710
13502,2,18,4390
13503,27,17,4120
13504,17,22,5520
13505,1,227,55750
13506,10,29,6840
13507,2,162,39870
13508,39,12,3140
13509,2,44,10990
13510,1,117,27810
13512,18,15,3470
13513,36,10,2310
13514,11,4,870
13515,5,59,14140
13516,9,44,10450
13517,1,143,34140
13518,3,38,9130
13519,1,9,2150
13520,1,95,22240
13521,1,436,105740
13522,28,5,1370
13523,1,177,42770
13524,6,27,6460
13525,61,6,1640
13527,2,224,53750
13529,6,15,3830
13531,13,22,5350
13532,3,66,16270
13533,2,76,18060
13534,1,342,79930
13536,2,179,44040
13538,6,25,5960
13539,24,38,9710
13544,1,87,21950
13546,1,98,22760
13548,3,124,29340
13549,4,52,12350
13551,117,4,1080
13552,4,121,30190
13555,3,136,32230
13557,11,34,7880
13558,1,175,42020
13560,11,33,7640
13561,25,14,3300
13562,4,82,19840
13563,2,49,10990
13564,15,85,20210
13565,8,38,9410
13566,1,176,41860
13568,1,44,10830
13569,3,85,20750
13570,3,27,6370
13571,1,341,82190
13572,8,33,7100
13573,16,26,6320
13575,1,46,10100
13576,1,130,30670
13577,1,85,20550
13579,5,23,5450
13581,74,10,2340
13583,1,53,12850
13584,6,24,5230
13587,9,11,2740
13588,1,180,41610
13589,6,21,4910
13590,10,89,21440
13591,2,58,14110
13592,7,16,3610
13593,1,129,31130
13594,9,26,6140
13596,1,166,39560
13598,1,41,10180
13599,1,264,64020
13600,7,19,4260
13601,1,99,23380
13602,1,23,5360
13603,21,27,6370
13606,14,43,10440
13607,1,98,24190
13610,1,228,55490
13611,1,76,17040
13614,5,201,48330
13615,7,24,5660
13617,1,44,10120
13618,18,13,3010
13621,11,19,4290
13623,7,86,20580
13626,29,19,5000
13627,1,94,22630
13629,2,59,14480
13630,2,80,19080
13631,21,12,3020
13632,1,147,35150
13634,2,188,45370
13635,7,62,15390
13636,1,64,14940
13637,4,101,24010
13638,39,8,2020
13639,2,40,10220
13642,11,66,15130
13643,11,28,6680
13644,4,148,34610
13645,21,5,1410
13647,1,80,18780
13649,1,23,5620
13650,4,98,24070
13651,8,6,1670
13652,9,63,15070
13654,1,166,40160
13655,7,56,13500
13656,5,49,12200
13657,6,16,3670
13658,3,112,27240
13659,3,108,25010
13662,21,58,14070
13663,29,13,3280
13666,4,12,2940
13667,1,87,21230
13668,1,501,118230
13669,30,9,2270
13670,21,25,6270
13672,15,16,3940
13673,4,65,15390
13675,7,25,5690
13678,16,16,3930
13680,1,216,51090
13681,3,57,13440
13682,72,3,670
13684,1,31,7790
13685,4,39,9180
13686,49,8,1960
13689,33,6,1170
13690,5,9,2170
13692,15,55,13140
13693,37,4,880
13694,1,585,141020
13695,10,90,21570
13697,2,12,2640
13699,13,14,3310
13700,1,197,46860
13703,234,1,170
13704,1,135,32390
13705,3,28,6770
13706,5,20,4640
13707,1,48,11410
13708,7,51,12760
13709,1,346,82020
13710,57,8,2210
13711,41,13,3360
13712,25,10,2350
13715,1,108,25450
13716,5,21,5690
13717,1,103,24730
13718,11,12,2890
13719,14,60,14800
13720,22,43,10070
13721,5,28,6900
13722,1,86,19620
13723,190,6,1640
13725,2,118,28540
13726,3,42,10630
13727,7,20,4930
13728,1,63,15040
13730,11,43,10440
13731,27,38,9500
13732,7,33,7490
13735,1,208,48990
13736,1,194,46260
13737,3,30,6720
13739,88,3,780
13740,33,23,5610
13741,44,35,9240
13742,1,323,78230
13743,38,42,9920
13744,1,72,16950
13745,35,26,6480
13747,79,1,170
13748,15,28,6580
13750,12,24,5360
13751,44,9,2280
13752,5,76,19190
13753,6,35,8260
13754,32,12,3070
13755,1,343,83760
13756,1,143,33700
13758,1,117,27800
13759,15,25,6260
13760,1,57,13330
13761,5,70,16290
13762,21,14,3700
13763,26,17,4130
13764,1,208,49980
13767,1,399,96380
13769,2,143,34050
13771,1,120,28600
13772,1,177,42020
13774,53,22,5380
13777,2,219,53290
13778,65,9,2290
13780,3,57,13900
13781,23,17,4270
13782,3,115,27130
13784,1,31,7290
13786,3,7,1600
13787,5,31,7410
13790,8,45,10710
13791,8,17,4260
13792,29,13,3240
13798,1,439,105380
13799,6,39,9300
13800,2,33,7810
13801,9,23,5440
13802,4,66,15650
13803,13,17,4010
13804,2,137,32790
13805,17,13,3100
13806,49,10,2820
13807,4,7,1550
13808,1,76,17870
13809,11,12,2720
13810,1,36,9040
13811,9,14,3210
13812,11,36,9010
13813,5,71,17150
13814,6,58,14260
13815,6,177,43190
13816,2,33,7420
13817,12,24,6080
13819,9,36,8520
13821,6,59,13850
13822,20,96,23310
13823,3,40,8730
13824,2,46,11410
13826,68,12,3310
13827,3,93,22960
13828,65,15,3980
13829,267,1,200
13831,3,74,17220
13832,61,4,830
13833,13,29,7140
13835,1,55,12560
13837,32,19,4620
13838,1,174,42220
13841,55,1,270
13842,2,206,49370
13844,11,20,4880
13845,56,9,2470
13846,1,58,14170
13848,95,5,1290
13849,6,101,23990
13850,11,94,22960
13851,1,81,20000
13853,29,24,5890
13854,1,114,26890
13856,17,17,4410
13858,9,11,2590
13859,5,28,6910
13860,6,77,18430
13862,2,142,33760
13863,11,22,5170
13865,22,30,7080
13866,4,7,1820
13867,4,61,14490
13868,8,33,8000
13869,1,307,73850
13870,3,118,28370
13871,1,338,81850
13873,1,24,5800
13874,39,18,4060
13875,9,104,24840
13876,104,7,1650
13877,108,3,800
13878,9,36,8570
13880,1,165,39260
13881,2,180,42980
13882,10,66,15610
13883,1,155,36650
13884,1,60,14650
13885,10,28,6650
13886,21,16,4080
13887,32,19,4520
13888,3,40,9700
13889,28,15,3810
13890,1,114,28840
13892,1,27,6220
13893,2,21,5160
13894,22,30,7770
13895,1,119,29410
13897,32,17,3940
13898,21,12,2610
13899,4,19,4850
13900,2,43,10010
13901,3,149,36060
13904,9,26,5860
13908,4,126,29930
13911,2,148,33850
13914,17,34,8640
13917,15,18,4170
13918,2,30,7190
13919,4,33,8290
13922,19,7,1600
13923,1,20,4690
13924,5,137,32790
13925,4,45,10500
13926,122,11,2920
13927,12,21,4980
13928,14,27,6560
13929,13,10,2330
13930,1,17,4060
13931,2,59,14410
13932,33,16,3610
13933,21,23,5920
13934,31,31,7710
13936,13,27,6500
13937,61,9,2330
13938,101,7,1640
13939,17,46,11580
13940,1,49,11560
13941,6,47,11630
13946,36,11,2490
13947,53,5,1190
13948,224,3,680
13949,1,160,38460
13950,10,36,8740
13951,18,39,9640
13952,1,138,33170
13953,37,20,5210
13954,7,30,7410
13955,17,33,8260
13956,2,152,37290
13958,33,5,1190
13959,1,92,21000
13960,12,12,3120
13962,27,11,2660
13963,9,35,8480
13967,70,2,470
13969,1,633,152960
13971,2,158,39620
13972,82,15,4140
13973,51,11,2600
13974,6,28,7050
13975,1,340,82380
13976,76,10,2520
13978,43,15,3580
13979,2,54,13440
13980,3,11,2490
13982,1,115,27050
13983,2,112,26500
13984,10,17,4650
13985,1,353,84050
13986,7,13,2770
13988,1,239,56870
13989,1,41,9590
13990,112,16,3920
13991,1,86,20920
13992,32,5,1080
13993,8,125,29920
13994,2,155,37720
13995,5,87,20750
13999,4,212,51520
14000,21,16,3670
14001,1,40,9310
14002,1,47,11440
14004,5,171,40130
14005,1,84,20000
14006,13,30,7300
14009,1,44,10710
14012,51,11,2570
14013,1,34,7880
14014,3,39,9310
14015,5,20,4650
14016,4,162,38930
14019,1,68,16210
14020,23,39,9450
14021,72,22,5380
14022,9,28,6630
14023,8,31,7290
14024,1,16,3910
14027,70,6,1600
14029,16,15,3500
14030,1,243,57770
14031,2,258,62090
14032,4,152,36860
14034,1,92,21430
14035,2,66,15900
14036,3,38,8530
14037,7,28,7030
14038,1,93,22330
14039,77,6,1430
14040,3,241,55880
14041,8,21,4850
14044,1,209,49350
14045,41,6,1480
14046,2,14,3300
14047,7,34,8000
14048,7,88,21200
14049,1,505,121070
14050,12,54,12890
14051,7,215,51630
14052,1,56,13020
14053,37,4,960
14054,71,6,1500
14055,15,10,2490
14056,1,1128,272130
14057,1,291,69230
14059,23,8,1860
14060,1,203,49510
14062,4,111,27140
14064,19,82,19870
14066,66,7,1560
14067,4,52,12460
14068,10,24,6050
14071,1,333,80130
14073,46,14,3160
14075,1,43,10290
14076,5,46,11030
14077,12,42,9780
14078,1,65,15380
14079,7,12,2970
14080,6,4,850
14081,1,156,36790
14082,4,29,7040
14083,3,181,43570
14085,1,451,107610
14087,7,70,17230
14088,1,590,142560
14089,18,14,3150
14090,330,1,300
14092,4,217,52120
14093,14,105,26270
14096,1,5128,1231670
14098,1,21,5100
14099,1,252,60690
14100,5,26,6190
14101,2,35,8390
14102,2,84,20230
14104,18,21,4620
14105,3,76,18800
14107,1,124,29090
14108,21,35,8510
14109,17,14,3370
14110,2,157,38040
14111,1,11,2640
14112,3,173,41900
14113,5,40,9800
14114,31,15,3540
14116,21,72,17570
14117,168,3,770
14119,314,1,230
14121,1,161,37560
14124,5,5,1180
14125,1,167,40200
14126,40,16,3790
14127,4,44,10410
14128,17,46,11260
14129,1,52,13040
14130,4,67,17040
14132,2,201,48470
14133,6,30,7530
14135,3,134,33200
14138,4,47,11030
14139,32,26,6020
14140,21,67,16000
14141,5,46,11260
14142,16,22,5380
14143,5,7,1580
14145,53,12,2970
14146,1,245,58620
14147,167,6,1420
14148,53,3,690
14149,2,40,9260
14150,1,26,6380
14152,7,50,11400
14154,5,52,12420
14155,11,6,1290
14156,1,1420,342810
14157,29,49,11530
14158,1,41,10390
14159,1,1212,290550
14161,9,108,25560
14162,1,25,5900
14163,1,52,12140
14164,18,29,7320
14165,3,25,6160
14167,5,52,12280
14171,1,58,13790
14173,25,29,7060
14174,27,26,6420
14175,1,164,39780
14176,65,32,7670
14177,18,43,9940
14178,1,327,79540
14179,1,165,39500
14180,2,248,59990
14184,29,24,6200
14185,95,3,750
14188,1,71,17100
14189,1,277,66410
14191,1,263,62790
14193,3,42,10690
14194,1,604,146140
14195,14,8,1900
14196,29,6,1440
14198,5,44,10720
14199,100,2,370
14201,3,39,9530
14204,26,44,10230
14205,7,39,9250
14206,1,21,4740
14208,24,10,2520
14209,3,88,21930
14210,16,103,24840
14211,4,118,28360
14212,1,9,2440
14213,9,5,1170
14214,2,70,16220
14215,1,109,26240
14216,20,59,14330
14217,1,107,24340
14218,1,12,2890
14219,8,7,1500
14220,14,21,5060
14221,1,194,45790
14222,7,41,9890
14223,1,61,14580
14224,1,118,27730
14226,14,73,18660
14227,3,183,42770
14229,4,43,10110
14231,1,54,12750
14232,1,118,28740
14233,1,36,8300
14234,2,159,38980
14235,1,80,19390
14236,21,15,3730
14237,11,9,1960
14238,134,8,1900
14239,1,116,27790
14240,1,42,10260
14241,21,10,2470
14242,11,16,3980
14243,1,148,34720
14245,5,112,26190
14246,5,75,17630
14247,32,20,4640
14248,181,8,2080
14250,1,111,27110
14251,3,78,18500
14256,2,54,13610
14257,3,107,25990
14258,13,112,27310
14259,156,5,1230
14261,4,52,12390
14262,2,143,35120
14264,17,19,4490
14265,23,31,7540
14267,1,66,15310
14270,8,29,6760
14271,62,10,2460
14272,2,33,8170
14273,2,29,7000
14276,1,75,18290
14277,1,228,53640
14280,12,8,1840
14282,1,156,37310
14284,21,34,8500
14285,7,27,6340
14286,2,285,67780
14287,94,11,2570
14288,1,17,3920
14289,2,47,11220
14290,10,103,24570
14291,5,238,55570
14292,1,108,26310
14293,13,61,14780
14295,17,7,1400
14297,9,64,16110
14298,1,1640,395710
14299,2,162,38430
14300,49,3,620
14301,27,16,4000
14304,21,27,6500
14305,5,110,25880
14306,10,35,8580
14307,1,180,44070
14309,3,123,29080
14311,1,27,6110
14312,7,87,21300
14314,48,8,1870
14315,4,104,25810
14317,35,24,5290
14320,1,42,10150
14321,3,123,29370
14323,4,41,9750
14326,1,9,2200
14327,14,12,2570
14329,1,269,65160
14331,6,28,6760
14332,15,26,6290
14333,16,19,4430
14334,1,163,40160
14335,11,63,15270
14336,18,90,21090
14338,1,34,8220
14339,8,18,4370
14340,38,6,1290
14341,1,130,31470
14342,15,24,5580
14344,6,71,17050
14345,124,6,1380
14346,3,60,14410
14348,13,18,4280
14349,6,31,7210
14350,84,21,5240
14351,145,1,260
14352,9,47,11350
14353,56,6,1450
14354,3,9,2170
14355,23,11,2410
14356,1,38,8960
14357,3,41,10330
14359,2,58,13820
14360,1,118,28320
14362,4,41,9560
14364,6,69,17250
14367,1,533,127570
14368,41,8,1850
14371,233,4,1040
14373,134,4,970
14375,3,75,17840
14377,11,11,2780
14379,4,46,11190
14381,1,56,14020
14382,3,131,30550
14383,15,59,14050
14385,35,14,3500
14386,35,7,1690
14387,2,140,34090
14388,1,191,45010
14389,1,62,14320
14390,1,291,69050
14393,28,5,1230
14395,1,353,85490
14396,5,73,17840
14397,1,95,23030
14400,14,26,6220
14401,3,183,44480
14403,37,26,6220
14404,1,104,25040
14406,41,8,1880
14407,1,76,17990
14408,6,107,25590
14409,10,55,13370
14410,1,287,66690
14411,80,14,3270
14412,7,45,10840
14413,1,23,5480
14414,1,98,23650
14415,1,612,148650
14416,14,14,3300
14418,9,124,29660
14419,3,206,50690
14420,1,30,6430
14421,1,27,6330
14422,4,222,54120
14423,79,3,490
14424,283,1,240
14426,1,264,63800
14427,33,17,4040
14428,1,148,35540
14431,97,22,5520
14432,1,382,91090
14434,4,12,2680
14436,11,9,2020
14437,25,6,1460
14438,22,9,2030
14439,8,32,8020
14440,7,55,13460
14441,5,59,14260
14442,2,68,16690
14443,7,98,23700
14446,3,293,71420
14447,26,70,17240
14448,34,20,4930
14449,1,258,62330
14450,3,40,9470
14451,3,109,24940
14452,1,62,15160
14453,37,22,5000
14456,1,977,234510
14457,49,4,1030
14459,16,37,9100
14460,11,17,3810
14461,1,180,43640
14462,1,246,59140
14463,84,6,1520
14465,1,130,31030
14466,6,72,17660
14467,1,90,21060
14470,12,43,10400
14472,1,281,67240
14473,18,7,1720
14474,6,30,7280
14475,21,47,11230
14476,1,19,5070
14477,73,11,2670
14479,3,18,4030
14480,37,13,3060
14481,6,30,7190
14482,3,144,34920
14483,68,10,2420
14484,1,14,3320
14485,11,47,10930
14487,3,145,34820
14488,10,49,11310
14489,15,30,7440
14491,20,17,3640
14493,1,123,29120
14494,141,7,1590
14495,51,6,1550
14496,42,19,4730
14497,12,31,7830
14498,2,193,46680
14499,1,194,46610
14500,19,7,1620
14501,66,12,2780
14502,1,631,150200
14503,7,164,38900
14504,1,107,25730
14505,1,803,194070
14506,1,316,75130
14507,5,98,23560
14508,4,57,13360
14511,2,71,17660
14512,2,23,5350
14513,6,18,4240
14514,3,73,17600
14515,1,101,23780
14517,4,18,4110
14518,2,16,3740
14520,164,4,920
14522,5,17,4260
14523,40,12,2680
14524,3,203,48390
14525,1,298,70940
14527,1,1011,245230
14528,23,18,4460
14529,3,229,54050
14530,7,216,51100
14532,9,64,14720
14533,2,65,14430
14534,1,558,133930
14535,1,333,79050
14536,2,19,4350
14537,23,10,2510
14538,2,19,4340
14539,10,32,7660
14540,3,76,18510
14541,2,111,27310
14542,8,5,1300
14543,1,107,26180
14544,9,114,27880
14546,1,417,99970
14547,1,367,89500
14548,81,4,860
14549,3,56,13760
14550,3,48,11700
14551,28,10,2500
14552,2,58,14040
14553,4,113,27190
14554,2,216,51740
14555,6,21,5140
14557,11,32,7710
14560,3,76,18270
14561,10,69,16660
14562,1,446,107490
14565,6,129,31460
14566,129,4,930
14567,1,34,7700
14569,7,12,2860
14570,27,29,6850
14572,2,273,66870
14573,2,241,57860
14576,80,1,230
14577,1,123,29420
14578,50,24,5600
14581,7,17,4030
14582,33,6,1440
14583,1,330,78790
14584,3,101,24100
14585,13,29,6940
14586,1,27,6650
14587,3,384,92420
14589,29,3,650
14591,1,197,47250
14592,3,164,39640
14593,1,152,37730
14594,2,53,12440
14595,2,102,24730
14597,1,55,13250
14598,2,50,11900
14600,6,25,5740
14601,68,7,1430
14603,152,2,530
14606,1,2782,667780
14607,1,114,27420
14608,36,20,5000
14609,1,4,890
14616,51,3,650
14618,88,17,4390
14619,8,22,5470
14620,49,30,7300
14621,2,96,22680
14622,67,21,5240
14623,2,135,32290
14624,10,13,3180
14625,9,57,13630
14626,3,126,30470
14627,13,5,1020
14628,11,24,5790
14629,1,153,36480
14631,7,41,9890
14632,3,8,2140
14633,56,20,5030
14636,14,28,7190
14638,29,16,4050
14639,1,175,41970
14640,1,113,27220
14641,31,7,1570
14642,47,2,530
14643,27,34,8570
14644,7,29,7220
14645,4,30,7440
14646,1,2085,502330
14647,7,30,7000
14649,3,199,48370
14651,3,102,24980
14652,30,29,6590
14653,1,237,57710
14655,5,50,12850
14656,2,80,19510
14657,5,127,31350
14658,35,29,7090
14659,1,259,61630
14660,7,30,7240
14661,48,4,1020
14662,4,168,39810
14664,5,99,24020
14665,1,117,27380
14666,11,14,3050
14667,1,576,138130
14669,1,170,40110
14670,1,132,30350
14672,9,61,14640
14673,6,74,17780
14675,1,102,23920
14676,2,44,10260
14679,20,1,260
14680,1,320,75520
14681,74,7,1450
14682,29,2,630
14684,1,421,100720
14687,5,15,3470
14688,2,359,88490
14689,3,13,3280
14690,27,54,13540
14691,1,71,17100
14692,5,69,16600
14693,64,8,1700
14696,1,133,31930
14697,14,22,5380
14698,1,210,49540
14699,14,8,1900
14700,14,115,28020
14701,1,350,83420
14702,1,348,83960
14703,24,22,5760
14704,1,415,98100
14705,349,1,280
14708,4,29,7260
14709,2,197,46600
14710,5,139,32750
14711,2,359,86150
14712,12,25,6000
14713,1,341,80550
14714,52,10,2260
14715,1,71,16340
14716,4,55,13130
14719,4,238,56920
14720,5,37,8690
14722,55,29,7100
14723,1,278,66090
14725,2,52,12530
14727,112,10,2510
14729,1,71,17200
14730,1,501,119940
14731,1,45,10790
14732,1,149,35530
14733,2,216,51350
14735,1,205,49930
14737,33,17,4010
14738,8,56,13560
14739,14,61,14430
14740,11,93,21970
14741,1,59,14300
14744,48,28,7020
14745,7,70,17190
14747,4,19,4520
14748,1,92,22830
14752,83,5,1250
14753,6,30,6820
14754,5,41,9880
14755,4,237,57690
14756,3,38,9210
14757,18,19,4670
14758,1,71,17380
14759,4,102,25050
14760,19,7,1730
14761,4,11,2550
14762,114,21,5140
14764,54,7,1450
14765,15,39,9220
14766,1,137,33340
14768,3,6,1370
14769,1,1094,259340
14770,2,52,12390
14772,9,9,2200
14775,10,60,14830
14776,1,134,32440
14777,154,3,590
14778,1,35,8110
14779,9,41,10060
14780,4,27,6440
14782,46,6,1490
14784,37,15,3650
14785,56,3,790
14788,17,30,6760
14789,32,6,1520
14790,8,46,10900
14792,41,4,730
14793,12,15,3380
14794,4,82,19760
14795,58,6,1420
14796,1,1165,278420
14798,9,12,2720
14799,15,13,3030
14800,1,392,94090
14801,5,59,14360
14803,1,44,9960
14804,17,12,2770
14805,9,47,11170
14806,21,11,2510
14808,1,256,61490
14810,1,255,61880
14813,9,30,6820
14815,7,53,12840
14816,56,4,790
14817,4,63,15350
14818,3,48,11500
14819,46,13,3010
14820,24,29,7320
14821,113,2,470
14823,9,70,16920
14824,8,29,6330
14825,1,121,28230
14828,75,17,4200
14829,3,45,11080
14830,1,40,9100
14834,6,70,16760
14836,7,6,1310
14837,1,110,26190
14840,19,4,950
14841,6,138,32790
14842,9,158,38210
14844,1,130,30810
14847,19,13,3250
14849,1,392,95200
14850,2,22,4940
14851,19,28,6510
14852,1,143,35550
14853,11,10,2280
14854,1,131,31680
14855,5,20,4760
14856,1,66,15830
14857,1,61,14510
14859,12,59,13590
14860,6,12,2710
14861,81,6,1440
14862,2,48,11050
14863,34,11,2460
14865,5,4,1010
14866,1,103,24260
14867,10,37,9120
14868,1,147,35070
14869,10,72,16870
14870,13,13,2940
14871,1,98,23350
14873,24,28,6850
14875,5,50,12540
14878,4,124,28900
14880,4,47,10940
14881,25,17,4210
14882,13,11,2360
14883,1,54,13350
14885,50,15,3630
14886,29,18,4650
14887,31,6,1480
14888,14,20,4780
14889,117,10,2620
14890,82,7,1780
14891,7,33,7800
14893,1,73,17730
14894,9,23,5200
14895,1,506,120380
14896,3,43,10100
14897,6,55,13300
14898,1,119,28030
14901,3,98,24260
14902,14,24,5930
14903,1,364,87610
14904,7,69,17020
14905,22,18,4090
14907,1,168,41270
14908,25,9,2250
14910,1,35,8810
14911,1,5903,1421480
14912,1,28,6300
14913,11,87,20340
14915,8,13,2980
14916,16,79,18950
14918,7,45,11370
14920,11,57,13230
14921,4,78,18590
14923,4,44,10170
14924,22,10,2200
14929,14,11,2880
14930,1,128,30100
14931,22,42,10100
14932,7,17,4400
14934,5,88,21380
14935,40,10,2590
14936,1,366,87680
14937,10,35,7880
14944,1,172,42050
14946,114,3,680
14947,80,14,3730
14948,3,64,15210
14950,1,20,4520
14951,50,20,5050
14952,2,149,36470
14953,1,55,12880
14954,5,85,20530
14957,56,12,2660
14958,5,42,10540
14959,3,61,14270
14960,19,27,6850
14961,1,317,75810
14962,3,5,1210
14963,1,198,47300
14964,7,13,2960
14965,1,83,19740
14966,9,38,8740
14967,23,6,1360
14968,5,37,8590
14970,15,34,8480
14971,1,160,38720
14972,15,18,4050
14973,1,32,7600
14974,38,21,5330
14975,27,11,2680
14976,6,73,17610
14978,1,216,51780
14981,9,8,1480
14984,10,41,10080
14985,1,87,20440
14987,5,4,810
14988,11,40,9440
14995,13,61,15430
14997,40,27,6170
14998,14,75,18290
15000,15,77,18280
15002,6,115,27230
15004,1,158,37430
15005,1,1160,278580
15006,7,144,33790
15007,12,12,2920
15009,1,182,44090
15010,1,20,4690
15012,1,128,31020
15014,5,35,8200
15016,92,20,5130
15017,21,20,4720
15018,13,32,7820
15019,1,70,16940
15021,1,479,113660
15022,1,135,32080
15023,1,563,133370
15024,1,155,37260
15025,4,72,16950
15026,1,61,14220
15027,3,37,9240
15028,2,48,11720
15030,122,7,1680
15031,10,111,26370
15032,12,55,13170
15033,1,513,123790
15034,2,400,95400
15035,10,27,6240
15036,1,127,31430
15038,2,133,32410
15039,1,1508,363030
15041,6,67,15700
15042,53,5,1330
15043,51,3,660
15044,1,461,110090
15045,55,13,3300
15046,1,207,50610
15047,34,22,5290
15048,1,98,23250
15049,56,3,680
15050,1,80,19470
15051,1,143,34600
15052,13,30,7230
15053,1,71,17050
15054,1,114,27880
15057,1,25,6280
15058,1,276,66260
15059,2,239,57520
15060,2,121,29270
15061,2,410,97510
15062,8,57,14330
15063,36,5,1190
15065,5,158,38060
15066,3,53,12630
15067,1,82,19490
15068,1,104,25090
15069,4,70,16540
15070,154,1,270
15071,42,26,6070
15073,9,76,18330
15074,11,42,10320
15075,23,27,6770
15076,1,49,12070
15078,1,451,108940
15079,18,48,11830
15081,2,35,7550
15083,48,5,1120
15087,2,15,3850
15088,6,60,14330
15089,3,145,34850
15090,17,23,5300
15091,13,31,7310
15092,31,26,6090
15093,2,112,26310
15095,1,49,11870
15096,7,11,2210
15097,16,25,6200
15098,38,5,1010
15099,12,23,5310
15100,32,6,1400
15101,49,9,2220
15103,16,35,8310
15104,26,71,17620
15105,1,101,24380
15106,2,102,25530
15107,10,20,5080
15108,1,61,14250
15109,4,31,7570
15110,15,40,9760
15111,1,84,20500
15113,1,101,24130
15114,3,197,45670
15115,41,21,4890
15116,1,45,10410
15117,3,80,18920
15118,126,1,220
15119,2,14,3130
15120,5,22,5150
15121,15,28,6820
15122,2,87,21330
15123,4,106,25890
15124,13,15,3440
15125,1,140,34270
15127,1,16,3970
15128,1,111,27460
15129,4,84,20000
15130,4,22,5490
15132,15,52,12440
15133,17,29,7080
15134,12,73,17950
15135,1,10,2490
15136,1,69,16480
15139,1,13,2990
15140,1,81,19530
15142,4,26,6570
15143,72,14,3210
15144,2,218,53910
15145,1,67,15720
15146,4,95,22860
15147,6,29,6710
15148,8,20,4830
15149,54,23,5500
15150,1,344,80750
15152,1,278,66700
15153,5,22,5200
15154,1,92,22790
15156,1,55,12570
15157,13,133,32140
15158,132,7,1870
15159,1,720,173260
15160,128,4,1030
15163,4,29,7150
15164,1,103,24020
15165,1,27,6410
15167,53,41,10020
15168,78,5,1190
15171,9,7,1520
15172,1,110,26380
15174,81,11,2550
15175,17,23,5390
15178,73,3,620
15179,4,95,22590
15180,28,6,1510
15181,23,18,4530
15182,3,29,7410
15184,5,63,15340
15185,22,21,5170
15186,5,19,4570
15187,1,93,22670
15189,1,232,54930
15192,24,51,13150
15193,1,19,4310
15194,1,326,78890
15195,169,1,290
15197,1,36,8480
15198,88,10,2590
15199,7,13,3340
15201,1,97,22490
15203,1,142,33990
15204,45,9,2040
15205,9,38,9230
15206,7,9,2120
15208,8,43,10700
15210,21,20,5020
15211,5,52,12610
15212,1,7,1690
15213,1,25,5700
15214,3,110,26440
15215,1,43,10020
15216,101,2,480
15218,4,166,40070
15219,154,9,2190
15220,1,119,28180
15221,39,11,2870
15222,11,5,1090
15223,1,32,7660
15224,23,16,3760
15225,1,23,5180
15226,67,8,1880
15227,1,58,13990
15228,14,126,30440
15230,8,23,5560
15232,6,31,7110
15234,15,14,3130
15235,1,143,34180
15236,8,15,3480
15237,1,99,23390
15238,2,52,12800
15239,1,52,13320
15240,1,83,20190
15241,2,111,26570
15243,9,22,5310
15244,1,34,8230
15245,3,89,21640
15246,9,33,8040
15247,93,6,1540
15249,1,358,86170
15251,1,121,28700
15252,13,44,10780
15253,2,55,13460
15254,3,18,4130
15255,1,47,10650
15256,45,6,1360
15257,108,8,1870
15258,8,34,8450
15260,1,78,19300
15261,22,19,4930
15262,3,10,2300
15263,46,12,2750
15264,1,23,5550
15265,1,82,19020
15266,3,6,1350
15267,29,11,2490
15269,12,2,420
15270,1,48,11320
15271,1,275,65410
15272,2,63,15370
15274,10,47,11080
15275,1,42,10120
15276,1,52,12410
15277,91,12,2870
15279,7,21,5290
15280,7,16,3910
15281,2,150,35040
15286,61,3,740
15287,7,21,5300
15288,9,88,21070
15289,20,59,13860
15290,1,212,50600
15291,3,109,25740
15292,9,25,5790
15296,3,200,46790
15297,5,41,10180
15298,2,194,46770
15299,9,12,2970
15300,11,28,7130
15301,5,247,60090
15303,1,31,6830
15304,4,26,6410
15306,11,58,14000
15307,19,12,2840
15308,19,21,5230
15311,1,2491,594320
15312,8,48,11320
15313,94,1,170
15314,23,24,5800
15315,12,38,8480
15316,22,1,230
15318,1,33,7900
15319,14,16,3820
15320,16,36,8510
15321,4,106,24660
15322,3,49,12020
15325,1,49,11770
15326,10,29,6990
15327,49,10,2320
15329,1,62,14540
15330,22,13,3350
15332,5,35,8190
15333,9,16,3460
15334,2,99,24790
15335,12,36,8610
15339,2,88,21480
15341,69,17,4250
15342,4,26,5710
15343,21,21,5000
15344,2,32,7500
15345,1,23,5500
15346,1,17,3910
15347,40,5,1170
15348,131,9,2310
15349,5,72,17780
15350,100,5,1160
15351,1,233,55190
15353,17,63,15840
15355,11,14,3450
15356,1,519,121850
15358,1,561,132590
15360,44,13,3130
15361,17,7,1470
15363,20,17,4160
15364,17,29,6970
15365,2,151,34760
15366,1,44,10540
15367,4,96,23520
15368,101,4,870
15369,190,1,240
15370,2,95,23470
15372,20,27,6350
15373,5,137,33760
15374,6,3,790
15376,3,117,27990
15379,6,196,47270
15380,6,37,9310
15381,55,8,2010
15382,1,306,74440
15384,4,43,10820
15385,15,12,2810
15386,8,31,7300
15388,22,10,2120
15389,158,1,270
15392,6,85,20870
15393,1,12,3030
15394,2,85,20490
15395,92,7,1650
15396,26,14,3360
15397,47,6,1450
15398,1,74,17240
15399,1,50,12070
15400,29,13,3330
15402,9,42,10160
15405,3,8,1680
15406,5,58,13530
15407,5,153,36910
15408,1,34,8390
15410,1,122,28740
15411,5,100,23380
15412,1,10,2290
15414,5,39,9180
15415,8,48,11910
15416,1,193,46650
15417,4,28,6350
15419,5,8,1800
15421,5,53,12380
15422,48,6,1320
15423,232,2,390
15424,1,17,3750
15426,2,300,71940
15427,2,306,72740
15428,42,6,1560
15429,5,83,19610
15432,24,10,2620
15433,7,53,12590
15434,6,59,13990
15435,10,29,6750
15436,1,329,77930
15437,1,45,10920
15438,1,25,5730
15440,3,62,14580
15442,56,2,450
15443,2,385,93180
15444,3,219,52710
15445,96,5,1170
15447,95,9,2220
15448,37,28,7210
15449,11,62,14880
15450,13,30,7090
15452,6,58,13200
15453,1,286,67550
15454,1,25,5630
15456,1,60,14110
15457,5,58,14240
15458,27,7,1920
15460,8,58,14100
15462,5,11,2460
15463,8,7,1750
15464,6,157,38900
15465,8,104,25530
15466,8,57,14540
15467,1,53,12610
15468,6,29,7070
15469,1,27,6290
15471,5,77,18560
15472,1,76,17820
15473,127,14,3800
15475,1,29,6840
15478,1,46,10840
15480,12,45,10980
15482,2,127,30460
15483,5,88,21030
15484,1,189,45320
15485,4,86,20590
15488,210,2,510
15489,25,55,13450
15491,4,155,37010
15492,9,35,8010
15493,3,299,72190
15494,1,125,30770
15497,10,16,3880
15498,1,523,126640
15500,1,68,15840
15502,2,252,60340
15503,2,70,16550
15504,6,13,2950
15505,5,99,23730
15506,1,164,39340
15507,2,46,11500
15508,2,92,21410
15510,217,1,210
15511,1,160,38430
15512,54,7,1620
15513,1,314,75790
15514,1,218,51120
15516,43,15,3730
15517,7,27,6580
15518,1,220,52630
15520,2,18,4290
15521,1,200,48310
15522,3,57,14010
15523,2,10,2180
15524,104,1,180
15525,1,180,44070
15526,154,4,940
15527,2,166,41100
15528,27,26,6380
15529,1,674,163330
15530,1,108,25870
15531,1,228,55030
15532,1,263,61960
15533,6,86,20760
15535,1,78,18910
15537,23,24,5920
15539,1,41,10110
15540,46,15,3740
15541,34,29,6760
15543,17,28,6810
15544,1,261,62100
15545,1,81,19040
15547,1,702,166460
15549,1,116,28170
15550,8,61,14370
15551,2,29,6740
15552,9,17,4010
15553,3,56,13370
15554,20,14,3200
15555,1,925,220570
15556,1,31,7550
15557,16,20,4960
15561,36,31,7740
15562,268,1,290
15563,1,117,28390
15565,32,8,1980
15567,4,7,1560
15568,4,53,12370
15569,15,31,7550
15570,1,330,78840
15571,1,57,13010
15572,1,215,50610
15573,3,104,25490
15574,1,168,40180
15576,18,45,10640
15577,28,39,9310
15578,2,13,3300
15579,1,51,12540
15581,1,151,35400
15582,16,44,10610
15584,5,125,29940
15585,24,31,7750
15587,5,9,1970
15589,27,30,6820
15590,341,1,300
15592,9,24,5960
15593,119,5,1110
15594,1,104,24620
15596,3,84,20100
15597,1,23,5530
15598,31,16,3440
15599,2,52,12190
15601,1,414,99050
15602,16,54,13690
15603,222,2,480
15604,45,17,4030
15605,4,67,15730
15606,1,91,21320
15607,19,13,3460
15608,7,60,14600
15609,30,18,4120
15610,126,6,1500
15611,2,45,10520
15612,47,6,1500
15615,1,429,102430
15618,5,49,11410
15619,137,3,650
15620,2,104,24560
15621,14,18,4740
15622,1,214,50860
15623,7,19,4400
15624,9,34,8320
15625,1,68,16390
15626,6,49,11950
15628,1,157,36390
15630,24,61,15050
15632,4,177,44020
15634,1,15,3580
15636,1,25,5770
15637,21,15,3630
15638,184,2,510
15639,22,25,6490
15640,1,495,117320
15641,4,119,28730
15643,2,36,8660
15644,3,238,57250
15645,3,52,13170
15646,4,36,8730
15648,7,28,6720
15649,89,2,540
15651,5,32,7480
15652,10,21,5130
15653,168,6,1700
15654,30,21,5110
15655,1,37,8490
15656,17,47,10900
15657,151,1,310
15658,2,56,13860
15659,33,11,2720
15660,6,94,22800
15661,12,5,1060
15663,63,9,2490
15664,13,19,4950
15665,2,116,27900
15667,28,13,3190
15668,270,1,290
15669,7,35,8490
15670,50,12,2750
15671,3,81,18970
15673,1,155,35900
15674,6,135,32400
15675,39,21,4640
15676,1,216,53540
15677,9,33,8320
15678,53,12,2970
15679,12,110,25950
15680,1,78,18760
15681,1,67,16290
15683,66,10,2510
15687,1,168,40790
15689,123,9,2170
15690,2,19,4190
15691,86,2,470
15692,22,12,3070
15694,14,79,19170
15695,24,22,5070
15696,1,177,42360
15699,2,18,4650
15700,1,89,22260
15701,1,237,57400
15703,108,5,1260
15704,4,117,28960
15705,8,6,1390
15706,7,59,14290
15707,1,214,51920
15708,4,297,71100
15709,110,6,1300
15712,1,53,12360
15713,63,20,5090
15714,8,35,8210
15716,1,118,27920
15717,10,7,1620
15719,1,938,223990
15720,9,128,30710
15721,1,91,22400
15722,1,72,16590
15723,10,41,10240
15724,18,12,2770
15725,4,32,7440
15727,1,302,71680
15728,25,4,1150
15729,61,6,1390
15730,1,73,17720
15732,10,14,3320
15733,30,10,2580
15734,10,26,6450
15737,10,81,19240
15738,1,176,41800
15739,91,8,1880
15740,21,9,2180
15743,2,88,20440
15744,58,3,740
15745,2,65,15840
15746,41,29,6910
15747,4,93,22130
15748,51,21,5580
15749,31,15,3630
15750,1,295,70280
15752,1,412,99220
15753,89,1,330
15754,26,29,7090
15755,3,149,35410
15756,1,192,46570
15757,11,45,10590
15758,130,9,2280
15759,127,7,1550
15762,9,37,8940
15763,4,63,14940
15764,2,188,44680
15766,23,11,2560
15768,10,28,6720
15769,3,147,34750
15773,29,10,2590
15774,7,25,5850
15775,95,7,1530
15776,4,18,4350
15777,4,22,5090
15780,14,29,7120
15781,25,21,5230
15782,1,44,10560
15783,16,14,3240
15785,1,87,20440
15786,1,280,67190
15787,1,206,48630
15789,9,25,6140
15790,38,35,8160
15791,7,76,18580
15793,8,13,2780
15795,2,42,10390
15796,2,135,30810
15797,14,8,1910
15799,9,98,23620
15800,1,119,28360
15801,2,69,16010
15802,209,3,590
15803,47,8,1930
15804,1,274,66660
15805,3,307,72770
15806,8,31,7630
15807,2,48,11520
15808,1,210,50550
15809,34,43,10760
15810,4,112,26860
15811,4,139,32960
15812,8,41,9130
15813,16,40,9790
15814,4,74,17860
15815,2,49,11960
15819,1,123,29750
15820,12,17,4470
15821,1,62,14790
15822,33,33,7640
15823,6,17,3940
15825,23,20,5300
15826,1,69,16560
15827,1,134,31330
15829,3,51,12350
15830,4,41,9520
15831,1,69,15650
15832,4,54,13080
15834,3,276,65810
15835,2,50,12020
15836,12,12,3170
15837,10,24,5790
15838,1,169,40210
15839,1,65,15450
15840,13,28,6640
15841,4,50,12140
15843,95,8,2010
15844,42,11,2730
15845,1,140,33190
15847,7,22,5350
15850,15,97,22400
15852,6,22,5370
15853,7,30,7190
15854,1,140,33630
15855,6,80,19110
15856,1,653,156700
15857,75,14,3580
15858,2,191,46510
15860,2,142,33150
15861,1,547,131500
15862,1,147,35960
15863,5,18,4290
15864,2,24,5540
15865,1,40,9510
15866,1,45,11220
15867,1,463,112460
15869,40,15,3940
15870,1,76,18010
15872,3,128,30450
15874,1,137,34410
15877,1,131,31350
15880,1,106,25980
15881,10,32,7870
15882,2,24,5960
15883,2,49,11520
15885,34,18,4620
15886,59,12,3160
15888,23,14,3400
15889,1,93,21690
15891,1,62,14330
15894,1,41,10060
15895,5,11,2470
15897,3,24,5650
15898,7,87,21560
15899,35,4,910
15900,3,51,12650
15901,1,116,27460
15903,11,75,18200
15904,26,30,7160
15906,3,151,36450
15907,2,249,61020
15909,7,7,1650
15910,1,267,63990
15912,35,19,4210
15916,1,160,38150
15917,39,12,2920
15918,6,40,9830
15919,8,143,34290
15920,9,60,14250
15921,1,25,6360
15922,6,12,2620
15923,38,21,5230
15925,11,12,2940
15930,20,21,5280
15932,1,119,28440
15933,3,74,17690
15935,1,12,3020
15937,92,7,1960
15938,6,18,4350
15939,4,77,17740
15940,310,2,490
15942,1,14,3400
15944,58,6,1480
15945,176,2,540
15947,13,29,7090
15948,2,60,14640
15949,15,19,4460
15950,5,103,24330
15951,6,43,10560
15952,3,91,21750
15953,13,103,25520
15955,4,185,44250
15957,33,42,9650
15958,171,7,1520
15963,9,28,6430
15965,1,122,30200
15967,2,84,20870
15969,113,21,5480
15970,34,11,2710
15971,8,35,8280
15973,78,6,1220
15974,6,177,41960
15975,12,24,5470
15976,2,98,23990
15977,2,65,15810
15978,1,49,11430
15980,1,43,10400
15981,5,97,21900
15983,2,113,26570
15984,4,275,66410
15985,1,38,9840
15986,60,14,3940
15987,1,140,32890
15988,37,27,6430
15990,8,52,12620
15992,146,3,690
15993,1,560,132760
15994,19,35,8340
15996,9,131,32010
15998,1,509,123940
16000,44,9,2100
16003,2,103,24900
16005,1,218,52570
16006,1,8,2010
16007,1,385,92990
16008,8,33,7740
16009,5,90,20980
16010,1,86,19920
16011,1,212,50220
16012,16,94,22330
16013,6,151,36910
16014,2,148,35250
16015,1,184,43430
16016,1,237,55950
16017,1,32,7680
16018,17,28,6860
16019,1,165,40310
16020,3,46,11180
16022,3,76,18810
16023,3,101,24020
16024,5,64,15100
16025,24,28,7100
16026,19,32,7600
16027,5,17,3940
16029,1,274,66590
16030,18,29,7100
16031,1,100,23910
16033,1,1152,277050
16034,7,22,5210
16036,1,55,12940
16037,1,39,9600
16038,1,28,6790
16040,4,65,15870
16041,35,6,1360
16042,5,75,18080
16043,11,39,9140
16045,8,83,19730
16048,43,9,2310
16049,2,312,75030
16050,50,10,2410
16052,5,34,8730
16053,1,84,19500
16054,2,70,16400
16055,6,8,1640
16056,7,68,16330
16057,1,134,32530
16059,1,180,42040
16061,144,1,170
16062,4,64,15530
16063,32,23,5260
16065,1,74,17580
16066,1,102,24740
16070,3,33,7890
16071,5,21,5430
16072,1,23,5570
16073,100,2,370
16076,2,131,31050
16078,187,1,240
16079,40,21,5350
16080,31,11,2580
16081,3,227,54950
16083,2,31,7440
16084,30,38,9060
16085,2,167,39740
16086,1,40,9520
16091,20,18,4440
16092,7,53,12890
16093,26,1,240
16094,5,67,16330
16096,32,12,3090
16097,45,10,2290
16098,1,67,16410
16099,12,39,9010
16101,1,83,20760
16102,15,57,13750
16103,1,48,11460
16104,3,29,6900
16105,20,13,3380
16106,14,6,1340
16107,3,31,7590
16108,2,49,11570
16109,64,18,4750
16110,1,354,84740
16112,16,16,3570
16113,1,30,7370
16114,27,8,2050
16115,1,284,67780
16116,11,35,7780
16117,11,30,6870
16119,19,16,3750
16120,12,32,7660
16121,5,212,52050
16122,3,38,9170
16123,117,16,4020
16124,12,16,3980
16125,7,13,2810
16126,1,117,27920
16127,18,40,9810
16128,2,89,21120
16131,1,78,18910
16133,1,365,87870
16134,4,38,9360
16135,3,21,5170
16136,15,37,9180
16138,86,1,240
16139,5,31,7520
16140,10,37,8950
16141,1,30,6890
16142,5,37,8430
16143,4,118,28350
16144,83,1,210
16145,2,237,56990
16146,9,29,6710
16147,40,22,5050
16148,235,1,230
16149,1,18,4450
16150,1,136,32150
16152,16,29,6790
16153,1,89,21480
16156,2,139,33520
16157,2,19,4000
16159,8,14,3520
16160,17,22,5190
16161,1,502,120530
16162,93,2,550
16163,199,7,1620
16164,13,35,8160
16168,1,99,24430
16169,1,85,20690
16170,7,127,31110
16171,42,3,610
16172,11,69,16780
16173,5,87,20190
16174,31,23,5390
16175,3,58,14350
16177,10,15,3500
16178,46,8,2050
16179,11,11,2620
16180,1,176,42090
16181,27,11,2740
16182,3,28,6670
16183,21,15,3710
16184,1,46,10950
16185,5,31,7460
16186,5,219,52340
16187,1,297,71780
16188,5,67,16020
16189,10,11,2420
16190,8,6,1580
16191,3,151,36930
16193,13,19,4630
16198,27,15,3980
16200,5,179,43160
16201,3,115,27740
16202,1,18,4470
16203,59,36,8830
16204,1,57,13420
16205,2,98,22720
16206,1,63,15660
16207,5,19,4580
16208,3,66,16330
16209,21,46,10970
16210,2,123,30560
16211,8,24,5860
16212,15,43,10920
16213,15,6,1300
16214,2,44,10490
16215,15,14,3470
16216,6,37,9240
16217,7,19,4450
16218,6,90,21740
16221,5,97,22970
16222,11,137,32470
16224,1,96,22630
16225,3,134,32330
16226,41,8,1880
16227,8,7,1690
16229,5,47,11100
16230,9,35,9060
16232,1,38,9170
16233,72,25,6330
16235,21,48,12090
16236,15,20,4920
16239,15,21,5060
16240,1,142,33930
16241,1,662,160970
16242,1,295,71120
16243,4,51,12380
16244,3,91,21360
16245,7,93,22200
16247,2,16,3690
16248,73,7,1660
16249,1,69,16440
16250,15,24,5860
16252,6,21,5070
16253,1,124,28910
16255,1,274,66830
16256,73,14,3390
16257,86,2,490
16258,3,135,33010
16260,18,18,4190
16261,5,124,30550
16262,49,3,730
16265,1,260,63330
16266,1,61,13880
16268,1,45,10890
16270,13,54,13000
16271,1,134,32850
16272,11,25,6110
16274,17,67,16780
16275,14,33,6850
16276,11,6,1160
16278,5,25,6250
16279,5,109,26160
16281,34,17,4170
16282,19,11,2470
16283,2,168,40430
16284,1,109,25480
16287,46,8,2140
16292,1,19,4340
16293,1,120,28920
16295,1,79,19550
16297,1,23,5380
16298,10,27,6330
16302,21,12,2970
16303,1,167,39410
16305,20,22,5310
16306,1,44,10430
16308,36,4,800
16309,4,44,10210
16311,14,37,8570
16313,51,16,4140
16315,2,14,3140
16316,1,156,36740
16317,3,69,17100
16318,7,19,4350
16319,280,3,860
16320,14,56,13250
16321,1,16,3730
16322,4,37,8090
16323,226,1,230
16324,1,118,28100
16325,6,20,4830
16326,1,320,76040
16327,1,319,77180
16330,16,41,9450
16332,2,154,36880
16333,8,45,10780
16337,1,10,2210
16338,52,11,2370
16339,10,20,4520
16340,2,153,36100
16341,18,84,20600
16342,16,15,3800
16343,10,47,11380
16344,46,2,400
16345,2,38,8720
16347,2,92,21880
16348,2,235,56260
16349,68,9,1910
16350,1,60,14010
16351,84,8,2150
16352,5,28,7180
16353,2,94,22520
16354,12,39,9900
16356,6,32,7810
16357,9,34,8340
16358,1,110,26310
16359,5,70,16440
16360,1,671,161270
16361,1,106,24960
16362,5,90,21230
16363,12,5,1200
16364,7,53,13180
16365,6,51,12620
16366,17,18,3840
16367,2,130,30790
16368,9,76,17700
16369,5,118,28100
16370,1,228,54780
16372,1,97,24480
16374,1,111,26400
16376,1,128,30530
16377,157,5,1290
16378,12,23,5260
16379,8,109,26010
16380,7,32,7850
16383,1,102,24680
16384,4,33,8120
16385,1,59,14260
16386,6,88,21590
16387,2,4,900
16389,7,35,8120
16392,5,45,10180
16393,1,358,85320
16394,3,100,24700
16395,1,210,51210
16398,1,86,20030
16399,1,73,18030
16400,19,29,7210
16401,2,198,48780
16402,1,60,14460
16403,54,15,3410
16404,1,23,5200
16405,107,5,1340
16406,1,63,14950
16407,1,172,41630
16409,1,232,54370
16411,4,45,11400
16412,1,35,8260
16413,25,31,7450
16414,4,7,1570
16415,14,54,12200
16416,6,73,17080
16418,3,102,25060
16419,1,52,11990
16422,1,399,96520
16423,15,18,4190
16424,20,6,1410
16425,1,21,4760
16426,3,372,89840
16427,20,9,2290
16428,129,1,190
16429,150,2,670
16430,79,6,1520
16431,2,83,19910
16432,42,8,2110
16433,14,17,3980
16434,1,109,26080
16438,3,132,31370
16440,2,282,66430
16441,5,24,5610
16442,2,174,42580
16444,7,86,20670
16445,3,63,14620
16446,2,4,950
16447,1,36,9050
16448,1,20,5170
16449,1,43,10330
16450,49,11,2880
16451,28,14,3430
16454,11,3,780
16455,3,99,23800
16456,5,111,26710
16457,1,9,1940
16458,1,202,48190
16460,1,135,31590
16461,1,33,7350
16462,112,4,960
16463,1,85,20780
16464,7,236,55530
16466,3,148,35530
16468,72,2,410
16469,1,182,44140
16470,1,171,40110
16471,25,13,2980
16473,6,19,4710
16474,1,368,89950
16475,10,28,6750
16477,3,146,35570
16478,41,17,4380
16479,1,35,8500
16480,3,53,12880
16482,18,18,4220
16483,1,19,4360
16484,13,26,6370
16485,2,42,10030
16488,8,31,7160
16491,2,39,9320
16493,7,62,15040
16494,13,50,12050
16495,6,97,22830
16496,5,97,24030
16497,1,136,32860
16498,59,16,3890
16499,2,22,5120
16500,35,11,2440
16503,1,86,20690
16504,10,86,21020
16505,82,4,870
16506,127,3,790
16509,55,13,3090
16510,17,13,2980
16511,1,169,41100
16513,3,35,8300
16515,1,113,26380
16516,5,6,1530
16517,5,17,4050
16518,8,42,9660
16519,16,13,3320
16520,5,157,37430
16523,1,298,71120
16525,2,200,47910
16526,1,15,3310
16527,4,14,3330
16528,51,17,3900
16529,3,30,6800
16531,2,77,17820
16532,10,4,980
16533,2,181,43340
16535,15,31,7250
16536,9,56,13810
16539,23,45,10840
16542,35,5,1360
16545,119,3,880
16546,6,31,7540
16549,1,981,234350
16550,1,261,61940
16551,18,32,7760
16552,26,17,4000
16553,3,86,20960
16554,2,74,17570
16555,7,17,4110
16556,2,207,49040
16557,30,11,2600
16558,1,474,116970
16560,14,58,13900
16561,2,31,7670
16563,5,19,4070
16565,84,3,770
16566,6,19,4710
16567,11,35,8490
16569,1,5,1000
16570,1,133,31210
16571,5,106,25510
16572,8,58,13830
16573,24,46,11350
16574,3,28,6760
16579,345,1,290
16581,40,11,2480
16582,117,6,1430
16583,70,14,3080
16584,16,31,7550
16586,60,8,1800
16587,25,13,3100
16589,8,33,8410
16591,4,10,2250
16592,6,222,52250
16593,16,27,6460
16594,1,53,13100
16595,6,85,19740
16596,66,12,3170
16597,77,7,1650
16598,18,11,2500
16600,1,62,14870
16601,31,31,7630
16602,1,32,7760
16603,11,34,8360
16607,1,174,41690
16609,1,280,66620
16610,2,6,1110
16611,2,11,2770
16612,5,66,16080
16613,10,30,6910
16614,43,26,6500
16616,1,33,8080
16617,38,5,1340
16618,1,97,23370
16619,8,16,4200
16620,49,9,2100
16621,18,29,6660
16623,11,5,1170
16624,5,48,11760
16625,1,23,5940
16626,3,184,43630
16627,7,20,4390
16628,3,119,28010
16629,16,64,15510
16633,4,153,36460
16634,35,9,2110
16637,6,72,17200
16638,8,95,22940
16639,4,52,12470
16641,26,12,2770
16642,16,35,7960
16643,4,27,6470
16644,1,62,15030
16647,36,14,3250
16648,1,21,4840
16650,4,24,5900
16652,1,123,29580
16653,7,76,17730
16654,1,31,7560
16655,3,261,63240
16656,2,80,18850
16657,3,208,49260
16658,6,8,1860
16659,142,2,430
16660,40,17,4050
16665,47,9,2140
16666,24,32,7650
16667,1,53,12730
16668,29,20,5110
16669,8,161,40030
16670,1,262,62200
16671,5,6,1540
16672,1,117,27610
16674,5,98,22730
16676,2,92,22220
16678,1,170,40090
16679,93,3,700
16680,20,10,2320
16681,26,44,10950
16682,20,30,6980
16684,1,281,67020
16685,2,62,13940
16686,1,588,140850
16688,1,62,15030
16689,9,16,4040
16690,5,13,3030
16692,70,3,610
16693,1,60,14250
16696,27,10,2360
16697,41,21,4820
16698,21,5,1300
16700,1,312,75170
16701,2,154,36440
16705,1,284,66510
16706,1,123,28580
16708,20,27,6510
16709,1,79,19450
16710,1,402,97490
16711,3,22,5330
16712,1,447,107420
16713,1,632,153420
16714,1,94,22520
16715,10,19,5030
16716,38,3,620
16717,1,236,56180
16718,9,45,10720
16719,1,203,49450
16720,25,27,6830
16721,12,37,8810
16722,3,228,53380
16723,1,43,10330
16725,4,152,36630
16726,2,185,44440
16727,4,46,11090
16728,1,269,64290
16729,1,668,160580
16730,2,84,19660
16732,3,28,6670
16734,2,53,13490
16735,1,128,30570
16737,239,1,240
16738,149,1,230
16739,19,16,3610
16742,7,4,900
16743,1,193,46450
16744,3,242,58920
16745,1,358,85100
16746,3,452,107910
16747,14,45,11120
16748,1,69,16140
16750,4,95,23530
16751,7,25,6080
16752,2,9,1830
16753,1,34,8290
16754,137,2,460
16755,5,176,43270
16756,39,13,3010
16757,2,7,1680
16758,19,22,5260
16759,8,43,10390
16761,2,13,3350
16762,1,89,20990
16763,57,24,5610
16764,1,718,172490
16765,296,1,190
16766,18,34,8300
16767,1,222,52710
16768,4,58,14000
16769,28,40,9690
16770,3,146,35230
16771,3,255,62100
16773,32,26,6340
16774,6,49,12070
16775,1,158,37600
16776,1,76,17740
16777,19,50,12190
16778,5,16,3570
16779,1,344,81130
16780,2,60,14620
16781,1,19,4640
16782,5,197,47590
16784,11,3,790
16788,1,155,36710
16789,48,5,1020
16790,3,95,22300
16791,2,322,77920
16792,13,12,2990
16793,16,16,3590
16794,1,287,69440
16795,26,66,16360
16796,10,18,4420
16800,1,164,40180
16801,1,121,29060
16803,27,24,6000
16804,7,60,14840
16805,7,98,22930
16806,1,103,25680
16807,5,67,16440
16808,1,23,5610
16809,1,150,36290
16810,31,16,3780
16811,11,28,6870
16812,13,15,3420
16813,1,449,107150
16814,2,325,77860
16816,28,28,7210
16817,2,95,22930
16818,1,191,45350
16820,1,26,6350
16823,11,38,9380
16824,3,26,6490
16825,7,28,7010
16826,8,22,5590
16828,6,8,1750
16829,12,11,2870
16830,13,23,5390
16832,8,12,2760
16833,4,47,11190
16834,4,24,5410
16835,119,10,2590
16836,13,11,2590
16837,1,166,40050
16838,26,26,6640
16839,1,298,71630
16841,2,117,28080
16842,2,64,15760
16843,1,379,90880
16846,33,11,2470
16847,28,12,3200
16848,3,14,3340
16849,35,8,2110
16850,8,19,4470
16851,1,20,4770
16852,5,9,2420
16855,1,19,4210
16856,127,2,510
16858,41,13,3110
16859,5,72,17320
16861,87,8,1780
16863,4,28,6460
16866,1,11,2460
16869,4,129,29730
16871,1,139,34120
16872,44,7,1670
16873,1,289,69550
16875,6,123,29070
16877,4,159,38130
16878,82,6,1480
16880,1,178,42160
16881,66,1,150
16882,3,39,9030
16883,19,38,9650
16884,35,26,5970
16885,2,101,24080
16887,31,37,8960
16889,1,135,31750
16891,3,203,48700
16892,7,101,24520
16893,17,45,10880
16895,6,69,15700
16897,11,44,10570
16898,1,163,38660
16899,1,125,30260
16900,1,82,19410
16902,1,44,9930
16903,6,60,14210
16904,1,710,171950
16905,1,209,50510
16906,3,93,21820
16907,1,151,35710
16909,16,19,4390
16910,1,547,130660
16912,1,105,25460
16913,99,8,2060
16914,6,38,9310
16915,1,57,13370
16916,1,143,35290
16917,13,9,2200
16918,1,130,31420
16919,1,327,78780
16921,1,60,14910
16923,1,696,167730
16924,1,89,21720
16926,27,14,3150
16927,146,6,1500
16928,1,213,50840
16929,20,77,18360
16930,1,54,12460
16931,1,898,215680
16932,10,53,13070
16933,6,49,11650
16934,4,62,14810
16936,4,57,13980
16938,2,242,58040
16940,1,305,73260
16942,1,283,66600
16943,6,33,8100
16945,1,249,60480
16947,20,21,5220
16948,8,19,4520
16949,1,61,14320
16950,13,42,10070
16951,8,87,20570
16952,9,16,4010
16953,237,1,180
16954,1,54,13020
16955,10,26,6220
16956,3,18,4440
16957,7,16,3880
16959,91,7,1780
16960,2,101,24360
16961,86,14,3390
16963,64,7,1800
16965,12,26,6400
16966,22,31,7080
16967,24,21,5430
16968,30,31,7730
16969,15,42,9840
16971,3,42,10260
16976,3,2,450
16978,5,39,9050
16979,4,91,21090
16980,4,87,20370
16982,7,22,5560
16983,2,149,35940
16984,1,418,99230
16985,2,121,28560
16986,240,3,910
16987,1,129,31060
16988,12,7,1610
16989,1,12,2900
16990,152,1,290
16992,1,95,22950
16995,215,1,290
16996,9,41,10000
16997,10,12,2730
16998,63,6,1330
16999,22,23,5480
17001,1,169,40890
17002,18,50,12440
17004,5,44,10040
17006,10,44,11160
17007,2,53,12190
17010,23,12,2950
17011,75,15,3410
17014,1,75,16890
17015,4,217,52720
17017,1,268,63660
17018,11,16,3650
17019,1,234,56310
17022,15,7,1540
17024,38,3,570
17025,24,9,2220
17026,3,4,940
17027,1,155,36890
17029,270,2,550
17030,22,11,2640
17031,10,22,5330
17033,12,28,7070
17034,5,32,7410
17035,15,32,7900
17037,1,77,18720
17038,15,22,5490
17040,40,15,3630
17041,1,71,17250
17042,2,98,23710
17043,2,102,23960
17044,44,10,2480
17045,23,22,4980
17046,14,22,5060
17047,1,65,14780
17048,7,48,11590
17049,1,322,75260
17050,1,316,76510
17051,1,43,9930
17052,2,92,22530
17053,11,14,3430
17054,10,84,20840
17058,4,62,15290
17059,1,516,124430
17060,75,5,890
17061,2,101,24140
17062,5,71,16890
17063,1,82,19380
17064,7,62,15190
17065,135,1,200
17068,1,297,71200
17069,3,154,36950
17070,9,64,16410
17071,9,148,36800
17073,2,174,41130
17075,4,80,19440
17076,18,25,6410
17078,4,28,6970
17079,176,2,450
17080,24,9,2070
17081,1,64,15120
17082,1,81,19620
17083,2,52,12730
17084,1,162,38400
17085,1,189,44120
17086,1,96,23320
17088,2,115,27560
17090,2,64,15610
17091,1,198,47980
17092,1,125,30370
17094,4,15,3440
17095,1,77,18920
17096,12,52,12030
17097,1,213,49690
17100,6,65,15670
17101,13,42,9950
17102,65,1,250
17105,1,90,21480
17107,1,421,100510
17109,4,121,29720
17110,112,12,3040
17111,1,30,7650
17114,1,135,32990
17115,3,43,11000
17117,75,9,2090
17118,10,10,2470
17119,10,38,9480
17120,18,18,4030
17122,64,7,1840
17123,48,9,2300
17124,9,32,8060
17125,6,40,9650
17126,1,262,62860
17128,47,14,3580
17131,3,134,32270
17133,17,27,6300
17134,32,24,5690
17135,1,52,12650
17138,21,24,6230
17139,1,487,117190
17140,1,20,4570
17142,48,15,3840
17144,8,48,12510
17146,2,35,7950
17147,9,85,20680
17148,2,9,2180
17152,13,16,3760
17153,17,14,3420
17154,11,23,5600
17155,7,20,4440
17157,21,15,3630
17158,7,67,16490
17159,8,102,24530
17160,1,229,54880
17162,3,105,25410
17163,31,5,1000
17164,6,145,35310
17165,14,10,2200
17166,14,14,3480
17169,1,60,15330
17171,13,16,3820
17172,10,16,3890
17173,1,87,21020
17174,106,4,890
17175,7,64,15880
17176,8,15,3500
17179,1,80,19290
17180,7,131,32140
17181,2,23,5360
17183,2,76,18780
17186,351,2,540
17187,13,10,2310
17188,4,89,21590
17189,17,61,14700
17190,33,20,4790
17191,1,237,56880
17193,14,35,8460
17194,16,29,7110
17197,7,29,6580
17198,3,96,22830
17201,12,40,10140
17203,11,152,36870
17204,1,67,15660
17205,11,13,3110
17206,96,7,1570
17211,1,213,51520
17212,108,4,1060
17213,5,164,39190
17214,4,104,25220
17217,3,9,2050
17218,1,274,65890
17219,4,25,5810
17220,1,472,114540
17221,12,63,15190
17222,4,28,6950
17223,4,49,11820
17226,1,21,5110
17227,1,47,11710
17228,1,208,49270
17229,1,47,11410
17230,1,73,17050
17231,1,546,130500
17232,4,36,8400
17233,34,25,6110
17234,6,14,3400
17235,2,29,6550
17236,4,105,26030
17237,29,19,4620
17238,2,566,138310
17239,17,16,4070
17242,4,40,9460
17243,1,407,97900
17244,7,31,7550
17245,20,9,2090
17247,15,55,13130
17248,1,69,16800
17250,1,57,13850
17251,2,39,9300
17252,1,87,19920
17253,32,18,4550
17254,3,112,26610
17255,5,78,18370
17256,3,16,3730
17259,2,124,29430
17262,11,12,2810
17263,18,23,6060
17265,9,127,29710
17266,1,80,19840
17267,3,38,9310
17268,1,6,1470
17272,1,116,28350
17274,1,27,6100
17277,1,69,16780
17278,33,15,3720
17279,6,9,2050
17282,9,94,22510
17284,1,294,72590
17286,13,45,11010
17287,1,124,29590
17288,4,142,34440
17289,1,112,26540
17290,1,102,24670
17291,292,1,260
17293,6,135,32680
17295,1,69,16230
17297,5,51,11400
17298,3,30,6710
17299,29,57,13840
17301,1,66,15620
17302,13,81,19620
17303,12,53,12520
17306,17,69,17020
17307,73,1,200
17309,1,12,3210
17311,8,55,13150
17312,1,14,3370
17313,7,28,6400
17314,1,136,32580
17315,1,487,117530
17317,44,11,2580
17320,4,73,17290
17321,5,107,25130
17323,1,204,49710
17324,1,50,12980
17325,53,6,1670
17329,7,33,8280
17330,25,6,1400
17331,291,1,280
17333,11,28,6930
17334,17,12,2890
17337,1,548,132550
17338,1,757,180730
17339,6,9,2040
17340,1,424,101290
17341,1,183,43860
17343,5,17,3920
17344,14,32,8090
17345,5,87,21270
17346,1,503,120730
17347,359,1,210
17348,1,215,51510
17349,20,9,2290
17350,1,72,17380
17351,5,27,6150
17353,9,8,1960
17354,11,16,3500
17356,3,19,4740
17357,18,45,11300
17358,8,59,14360
17359,18,15,3860
17360,1,132,32260
17361,21,29,7260
17362,1,35,8240
17364,1,414,100380
17365,1,468,113460
17367,5,34,8590
17368,4,128,30360
17370,1,33,7950
17371,1,87,20800
17372,2,253,59690
17373,2,57,13310
17374,35,28,6900
17375,7,71,17160
17376,18,24,5850
17377,1,419,100510
17379,1,83,19820
17381,3,110,26760
17382,165,2,500
17383,4,51,11690
17384,3,15,3550
17385,12,47,11710
17386,6,28,6640
17387,16,78,19430
17388,10,15,3700
17389,1,224,53680
17391,37,3,860
17392,1,62,15300
17394,214,4,1010
17396,13,27,6280
17397,10,92,22530
17398,2,38,9020
17400,1,213,51420
17402,1,59,14460
17403,5,33,8160
17404,1,201,48760
17405,1,94,23500
17406,1,116,27990
17408,87,2,560
17409,23,13,3350
17410,5,64,15580
17411,6,43,10130
17412,2,66,15930
17414,27,6,1490
17415,55,14,3030
17416,1,271,64660
17418,13,30,7060
17419,1,208,48470
17420,4,30,7330
17422,1,135,32420
17423,7,28,6220
17425,1,43,10550
17426,1,272,65870
17427,31,2,450
17428,1,343,82210
17429,9,42,9830
17430,8,14,3330
17431,5,43,10050
17432,4,48,11950
17433,7,54,13300
17434,4,138,32780
17436,6,9,1920
17438,8,19,4800
17440,9,8,1780
17442,1,140,32890
17443,5,1,210
17444,2,135,32990
17446,3,9,1960
17447,1,36,8690
17448,75,1,240
17449,1,279,66190
17450,1,351,84490
17451,9,107,25450
17453,9,19,4250
17454,13,61,14430
17455,2,8,1960
17456,31,17,4320
17457,4,19,4720
17458,2,54,13010
17459,1,111,27210
17460,4,37,8960
17461,1,111,27170
17462,6,28,6850
17463,2,219,52650
17464,7,9,2240
17466,3,41,9560
17468,102,5,1310
17469,2,90,21820
17470,2,78,18470
17472,1,181,44470
17475,16,14,3050
17480,3,31,7350
17481,4,83,20710
17483,34,21,5190
17486,17,24,5460
17489,1,29,6710
17490,1,86,20270
17491,3,110,26260
17492,17,12,2870
17495,5,27,6460
17496,45,10,2230
17498,65,17,3990
17499,2,40,9250
17500,28,5,1130
17501,5,18,4090
17502,8,28,6160
17503,11,38,8920
17504,3,140,33300
17505,26,52,12570
17506,21,16,3780
17507,11,88,21020
17508,16,22,5500
17509,1,369,89000
17510,16,20,4690
17511,1,1076,259680
17512,2,106,25710
17513,100,6,1520
17514,4,40,9900
17515,3,87,20920
17516,4,137,33060
17517,47,11,2710
17519,8,83,19590
17520,7,30,7270
17521,8,46,11220
17522,3,73,17980
17523,34,33,8340
17524,31,6,1450
17525,83,9,2400
17526,2,23,5320
17527,2,49,10940
17528,1,260,64140
17530,1,394,93940
17531,81,15,3610
17534,19,9,2000
17535,41,13,2950
17536,147,3,780
17537,1,75,18020
17538,1,9,2370
17540,11,26,6480
17542,18,25,6170
17545,2,145,34470
17547,214,2,610
17548,24,17,3870
17549,65,6,1350
17550,18,42,10410
17551,2,43,10090
17552,10,51,12540
17553,38,2,400
17554,6,88,21510
17555,1,106,24660
17556,21,6,1360
17557,10,34,8130
17560,1,27,6550
17561,7,46,11450
17562,6,64,15820
17564,12,49,11820
17566,3,152,36520
17567,1,177,42930
17569,4,29,7030
17571,1,299,70940
17572,63,12,2970
17573,7,26,6500
17574,9,8,1860
17576,1,417,98290
17578,62,6,1410
17579,18,52,12610
17580,5,45,10570
17581,1,452,106940
17582,2,29,7110
17584,6,36,8300
17585,1,214,51560
17588,10,23,5440
17589,1,253,60790
17590,1,201,48260
17591,5,167,40040
17593,1,215,52650
17594,4,50,12210
17595,7,83,20320
17596,1,270,63580
17597,1,55,12420
17600,20,13,3110
17601,97,9,2290
17602,1,565,134560
17603,9,15,3420
17604,1,63,14550
17608,11,59,14470
17609,3,238,56880
17611,1,582,139490
17612,1,142,34340
17613,1,319,76110
17614,1,100,23920
17615,6,14,3430
17616,131,3,650
17618,2,78,19010
17619,6,77,18250
17620,76,4,990
17621,4,27,6460
17623,2,33,7690
17624,38,50,12110
17625,1,315,76880
17628,112,5,1200
17629,1,124,29090
17630,1,26,5790
17631,2,39,9100
17633,10,72,16820
17634,1,297,70270
17636,10,24,5730
17637,3,35,8030
17639,26,7,1530
17640,73,5,1210
17642,4,40,9110
17643,24,8,1910
17644,1,169,40630
17646,7,54,12650
17647,106,7,1680
17648,1,92,22350
17649,14,53,13610
17650,31,8,1940
17651,1,239,57930
17652,2,270,65670
17653,1,50,11430
17654,8,22,5640
17655,1,93,21960
17656,6,82,19260
17658,14,23,5710
17659,1,161,38900
17660,2,45,10540
17663,3,90,21260
17664,4,43,10490
17666,32,18,4400
17667,6,117,27950
17668,64,15,3810
17669,2,68,15740
17670,7,11,2730
17671,3,61,14630
17672,3,115,27030
17673,2,228,55330
17674,12,27,6160
17675,1,721,171540
17676,1,79,18790
17677,1,321,76880
17678,22,16,3980
17679,28,30,7440
17680,58,11,2880
17682,3,119,28140
17684,47,15,3650
17685,3,130,31430
17686,2,286,68180
17690,1,258,62230
17691,13,19,4870
17692,1,47,10990
17693,1,18,4040
17694,9,15,3680
17695,14,35,8290
17696,1,126,30290
17697,13,19,4630
17698,5,8,1990
17700,1,146,35200
17701,30,24,6070
17702,1,80,19410
17703,11,55,13730
17704,10,31,6970
17705,2,108,25710
17706,1,395,93420
17707,29,5,1250
17708,4,35,8150
17709,36,7,1770
17711,1,23,5770
17712,9,29,7070
17714,10,10,2600
17715,129,1,190
17716,3,254,61880
17718,27,6,1590
17719,1,278,66860
17720,2,50,11750
17722,1,120,29230
17723,19,10,2420
17724,8,45,10610
17725,1,198,48760
17727,1,67,16000
17728,2,169,39760
17730,3,220,53120
17731,5,83,20010
17732,3,18,4460
17733,22,35,8850
17734,2,43,10060
17735,1,690,166760
17736,40,26,6380
17737,36,10,2420
17738,2,99,23770
17739,19,48,11500
17742,10,15,3730
17744,1,137,32930
17746,155,8,1950
17747,20,2,480
17749,2,35,7910
17750,1,193,46580
17752,181,1,250
17754,2,93,21680
17757,1,742,175210
17758,1,412,99340
17759,4,95,22410
17760,7,25,5880
17761,22,19,4550
17763,309,1,270
17764,2,75,17980
17765,21,57,13660
17767,19,21,5030
17768,12,105,25720
17769,1,313,75810
17770,6,38,9360
17771,18,54,12910
17772,2,53,12610
17774,8,157,38210
17775,22,3,770
17777,1,194,46420
17779,12,84,19910
17781,71,12,2750
17783,1,67,15880
17785,82,13,3330
17786,1,72,17280
17787,3,134,31820
17788,2,5,1090
17789,11,14,3270
17790,1,190,46140
17791,20,10,2560
17793,6,58,13520
17795,5,46,11500
17796,9,82,19670
17797,1,111,26390
17799,1,410,98200
17800,7,104,25320
17802,1,147,35110
17805,15,10,2410
17806,2,43,10730
17809,11,64,15260
17811,1,872,208130
17812,11,141,35170
17813,1,378,90360
17816,12,17,4460
17817,3,33,7850
17819,1,49,11650
17820,45,5,1250
17824,11,13,3250
17827,2,220,52850
17828,7,82,19290
17829,20,30,6960
17830,15,23,5540
17831,105,2,470
17832,4,61,14610
17835,3,61,14830
17836,29,24,6140
17837,1,172,42630
17838,1,137,33140
17839,1,56,12840
17841,1,7983,1911220
17843,9,37,8990
17844,140,5,1150
17846,188,1,290
17848,1,51,13120
17849,20,26,6210
17850,1,312,76640
17852,36,24,5560
17854,75,15,3660
17855,8,17,3930
17856,20,17,4320
17857,27,56,13440
17858,3,199,47150
17859,15,25,5740
17860,17,58,13770
17861,2,223,52720
17862,43,11,2880
17863,1,148,35790
17864,2,102,24910
17865,1,389,93010
17866,19,10,2190
17867,1,81,20070
17869,1,40,8780
17870,1,280,68010
17871,80,10,2440
17873,3,46,10950
17874,9,47,11390
17877,45,12,2920
17878,1,26,5790
17879,35,6,1250
17880,24,26,6440
17881,11,8,1990
17883,1,145,34570
17884,1,117,28200
17885,3,64,15970
17886,1,109,25670
17887,3,10,2450
17888,2,81,19500
17889,5,21,5010
17890,1,94,22110
17891,3,34,8190
17892,1,28,6660
17893,24,16,3740
17894,5,193,46090
17895,65,16,3950
17896,104,2,490
17897,4,115,27530
17898,10,28,6530
17899,20,32,7860
17900,1,11,2830
17901,37,19,4310
17904,7,39,9570
17905,4,34,8200
17906,24,12,2590
17908,1,58,13440
17911,11,39,9010
17912,34,40,9760
17913,2,59,14790
17914,5,80,18880
17917,5,94,21820
17919,28,23,5670
17920,1,696,167130
17921,3,145,34630
17923,251,1,240
17924,4,38,8810
17925,296,1,160
17926,16,21,4750
17928,58,23,5930
17929,14,6,1280
17930,1,39,9520
17931,1,65,15200
17932,1,90,20940
17934,2,21,4440
17935,17,29,6760
17936,1,77,18740
17937,2,43,10410
17939,19,12,2650
17940,1,23,5680
17941,221,2,470
17942,60,2,370
17946,59,20,4620
17947,131,9,2240
17948,131,1,250
17949,2,79,18290
17950,1,72,17230
17951,9,21,5180
17954,1,489,117050
17955,18,19,4100
17956,278,1,230
17957,1,31,7840
17958,8,7,1900
17960,12,26,6050
17961,1,249,61340
17962,36,35,8890
17964,2,104,25380
17965,1,329,76700
17966,8,68,16810
17967,8,48,11530
17968,7,85,20920
17969,2,14,3170
17970,2,31,7460
17972,11,31,7450
17973,17,15,3730
17974,1,179,43710
17975,1,297,70770
17976,6,65,15340
17977,2,21,4630
17978,1,12,2670
17979,1,147,35360
17980,25,30,7830
17984,1,48,11690
17985,11,23,5860
17986,102,1,220
17987,1,13,3100
17988,14,39,9010
17990,1,29,7430
17991,122,5,1260
17994,1,84,20340
17995,133,2,520
17997,1,180,43210
17999,4,93,22790
18001,1,58,14040
18004,8,40,9500
18005,6,60,14190
18006,4,22,5560
18008,12,30,7270
18009,10,33,8050
18010,12,14,3350
18011,3,28,6990
18013,11,31,7750
18014,27,32,7700
18015,1,46,11200
18016,1,123,29610
18017,44,3,740
18018,29,29,7550
18019,19,5,1130
18022,1,191,44670
18024,10,22,5130
18027,7,21,4750
18030,32,10,2380
18032,19,5,1230
18033,11,34,8010
18034,1,112,27360
18035,6,53,12630
18036,12,96,23460
18037,26,19,4760
18040,37,19,4550
18041,1,474,112540
18042,20,7,1710
18043,1,121,28900
18044,1,128,30550
18045,17,47,11500
18048,10,7,1580
18050,1,5,1090
18053,2,21,4880
18055,1,363,88280
18056,16,19,4850
18058,105,3,720
18059,27,21,5320
18061,16,46,10890
18062,18,27,6870
18064,13,7,1700
18065,5,138,33070
18066,65,10,2150
18067,4,37,9200
18068,268,1,190
18069,1,472,113570
18071,1,25,5850
18072,9,36,8710
18073,1,76,17750
18074,17,13,2890
18075,2,153,36710
18077,1,227,54180
18078,10,29,7550
18079,4,127,30610
18080,70,2,490
18081,7,17,3840
18082,13,73,17330
18084,181,2,550
18085,14,29,7170
18086,4,7,1600
18087,58,7,1700
18088,5,39,9000
18092,13,90,21270
18093,11,38,8910
18094,1,70,16310
18095,4,21,4660
18096,2,213,51840
18097,3,109,26090
18099,1,19,4830
18101,8,41,10250
18102,1,433,103800
18104,45,38,9500
18105,2,18,4490
18106,6,39,10170
18108,21,19,4260
18109,1,454,110520
18110,8,49,11820
18112,13,26,6350
18113,252,1,240
18114,19,28,6610
18116,1,378,90530
18117,5,74,17820
18118,1,1284,310000
18119,1,30,7600
18120,1,17,4250
18121,6,32,7810
18122,2,364,86950
18123,2,36,8550
18125,4,197,47630
18126,9,56,13030
18127,8,47,11330
18129,4,14,3100
18130,1,71,17090
18133,205,2,560
18135,8,20,4970
18136,30,39,9810
18138,17,8,1810
18139,2,162,38000
18141,258,1,320
18142,25,18,4320
18143,9,61,14110
18144,1,43,10240
18145,1,221,52420
18146,30,10,2300
18147,51,7,1740
18149,1,16,3810
18150,21,37,9230
18151,12,38,9430
18154,4,21,4780
18155,1,28,6590
18156,1,140,33420
18158,7,35,8210
18159,14,23,5860
18160,10,39,9610
18161,8,81,19860
18164,5,25,5730
18165,155,10,2430
18167,24,43,10280
18168,3,140,33800
18169,120,9,2150
18170,8,38,8630
18171,4,56,13310
18172,1,197,47850
18173,1,31,7630
18174,301,1,290
18176,7,33,7310
18177,8,75,18160
18178,2,99,23910
18179,1,90,21220
18180,2,119,28380
18181,8,44,10510
18183,18,44,10810
18184,361,1,240
18185,18,17,3990
18188,2,72,17660
18189,1,69,15720
18190,46,16,3880
18191,7,7,1730
18192,24,45,10680
18193,18,18,4430
18194,114,9,2140
18196,2,141,34380
18198,1,166,38690
18200,23,32,7360
18202,2,68,16770
18203,15,19,4530
18204,2,202,49760
18205,1,32,7260
18209,37,8,2020
18210,1,134,31030
18211,3,42,10420
18212,18,43,10560
18213,38,15,3740
18215,23,13,3050
18216,51,26,6670
18217,3,31,7420
18218,18,24,5840
18219,6,115,27760
18220,1,4,820
18221,3,65,15700
18222,14,19,4280
18223,1,299,72380
18224,34,10,2320
18225,1,286,68950
18226,1,245,59800
18227,26,5,1310
18228,5,32,7680
18229,3,164,38700
18230,1,89,21260
18231,1,126,30290
18232,56,40,10320
18233,139,1,170
18235,2,104,24560
18236,1,49,11940
18237,4,61,15100
18239,1,88,21170
18240,13,6,1360
18241,1,105,24790
18242,1,78,18200
18245,1,177,41960
18246,101,4,880
18248,1,49,11690
18249,29,8,1840
18250,11,22,5430
18251,92,16,4180
18252,7,98,23150
18255,33,6,1380
18256,76,4,840
18257,1,123,28780
18259,48,42,10100
18260,2,140,33440
18261,1,21,4830
18262,1,13,3090
18263,2,62,14730
18265,1,46,10730
18268,151,2,550
18269,93,8,1900
18270,23,13,2990
18272,2,170,41750
18273,18,3,650
18274,1,22,5280
18276,17,16,3790
18277,22,9,2280
18278,206,9,2330
18280,88,10,2490
18281,85,7,1920
18282,10,13,3280
18283,1,756,181940
18287,2,70,17150
